file_name,labeled_class,predicted_class,prediction_confidence,image_url
,Side,Front-Side,0.783956110477,https://lh3.googleusercontent.com/QSAoQY5AWz9RTKVhoJzc8ghdMBvU2jdjzp86Su_j8I5seJF-F_Dfn7xJhEexxkC99H-IOgJJ9n_WOrh4nY1EA8acF26d,
,Front,Front,0.914798676968,https://lh3.googleusercontent.com/lB5NUTBbGeyp8xmG5c9yFWjKqqbSnn580Qdo7MEK4DEnh413_ubQyNpO-21YkMQYIn1FNTIoCNLLLj9yBXLcizHVOxKy6A,
,Side,Side,0.402309179306,https://lh3.googleusercontent.com/ptpahT_hrIhQlIwoYb-XUCTbH_ZUA-mESy0ilc8YXDAhZmzYLY0NMYyDf-nn5ZX2PPsMKINo-N3rysyX74aEvMOf1921AA,
,Front-Side,Front-Side,0.719066977501,https://lh3.googleusercontent.com/Wc9K0fLAmRO5nAAQi1YMgzHcJBDyrkHcygV-jQfF1qRmknPQa7sK5FyNzmeif28zm2-86QCR49vbibGCrn9wzUKrm6J3jQ,
,Front-Side,Front-Side,0.83840239048,https://lh3.googleusercontent.com/jsxe2nGW6rMTRIyAz-Zd_WkAhkwWpP5J8Qn3SYlfltdQPuKC7i-ugML4lhfCkFiDGNpsfu1Lzix1aKnZskqfX80K_5L0sdE,
,Back,Back,0.765184223652,https://lh3.googleusercontent.com/ismBbwi5-0b1FhnhwMZz-pHbh4Ehci5McalCO4g9gdOoR2f30Q1pkBeJC9PFygSLzBK0c3bvGjVmF-OnHOs17cugb3fL,
,Side,Side,0.898274838924,https://lh3.googleusercontent.com/54MNzOTOizaNvDd98IlNcLdyY_nTNsSuHUWMuypvC2_MQ7SixdUGniRKPZo3p3A6JPSHIHh3WYI-rrHvXNlI1q3RNiFpnwg,
,Front,Front,0.76621901989,https://lh3.googleusercontent.com/eQ2K4JvtXeW-gBzcEgj_uR1eHIkvfPAPCk4m1kvML37yxRoDjuXbcSgsj12YxqQUwfvfdCxPlslReO3b5qsyExvYW5nQEw,
,Front,Front,0.857849121094,https://lh3.googleusercontent.com/xlYGEBdqByUjWeF4rb64xymqGx7rV-c0QqCToiQ5lWMynaU1I3Mvc6cWQlcvmsVrWxZB0dwCLXU-KGmLVqCnLpO-fNFp8w,
,Front,Front,0.794064044952,https://lh3.googleusercontent.com/TX0q2ZQulr_KZFkq8vSU3lvCIEtVmqoM32cGHaPGNlbhB0I1UnkK8xwSMNtIIKYQoSv4zHsdlPL6u6PSRU3I8CyOlICPcGY,
,Front,Front,0.733969211578,https://lh3.googleusercontent.com/6gT0Kgs_vGrTtLpBookRqWB8p42wm3qGR6dxOzkks8v1FI-UGFkdKQ0QbNcmwvp8nromxCZeJDi0DoiiZZUDkRJDSfTZMQ,
,Front-Side,Front-Side,0.918245732784,https://lh3.googleusercontent.com/ysZIfdLY09F55avB9_xHBPE9p6wpfm_6t1WgHTRpnkX2NMsRBWPOz8zt9vHXfKqr98KqoqxzbUsWAh_gIVDY1CXLxRE5UKk,
,Front-Side,Front-Side,0.576243579388,https://lh3.googleusercontent.com/kbZP1GgKAK3v5RCMQoc0ZvQgCW2t6XTeOkVrgeA-ZI7BOYtJ_2pOSaOonC1TJou23DU3TPg_f4vI8AtFQcvZ6NAAtR5abg,
,Back-Side,Back-Side,0.536104917526,https://lh3.googleusercontent.com/wCGVcVG1UGISto3kA5herkbt0KfpmMUwIYg31ZH5plHDPbkZhfOACUFazHNL6LeMz3kkylEf31gLVhBfiRdCUDctWUSS0Q,
,Front,Front,0.742852628231,https://lh3.googleusercontent.com/h3iiwnOFOpKWt9xOkP5DJXJ0jO9nHgnDuv76O3R-5UXlToL99EUpv7GKQiWImxdiVaVB2aAbVpxzZzMV0KNdw9qsUSQfaPw,
,Front-Side,Front-Side,0.985144495964,https://lh3.googleusercontent.com/NaUrKeOoFbAe5SjGXygheZYP468eDhn9R3gilmkMoLi83koYmBeR_bJgAVMjHcDGzViOhttHs6w-gXmyt3_zMHF9GDfZUw,
,Front-Side,Front-Side,0.669056534767,https://lh3.googleusercontent.com/SbPEYehFx6Gh7c_MFLpNVPQswKkowrTp7u_UAsm54tbhgWxwJkhtBjPKyhvmy5LJUYdlag_jZ98cM39xOpAe13CRuL28,
,Side,Front-Side,0.714936494827,https://lh3.googleusercontent.com/V5AJhHpyTdxu7auytPHtvTMq2ZiEwiXS2bPW594BmQhBTzSIpnQ45RnkKYdXSSC7zbL0JHRjeShbfOk253Slx8iMLYM3gg,
,Back,Back,0.765394389629,https://lh3.googleusercontent.com/FzE6tt--mBqPyaidbzLZVESWreguOMpcZQ063GHFQtcLfzGn1Qxxzm2pTBI64Zo3N4yV6cFgEcBOj_yTRdxrSLqSY9KFPPY,
,Front-Side,Front-Side,0.881303787231,https://lh3.googleusercontent.com/aB43anpwCNeEh7gdQFzg0MNhGmm4VzDNtCsvbQBBEzWbJHWP7ZPpj0E2Xm4-Ax4fAKYWbKkwFwahKaXw0-0oJl1QC8GXJA,
,Back,Back,0.466772466898,https://lh3.googleusercontent.com/uX-Ds5XR5Q_cWqSPOuaEKkFjxSYHvAgceo01wNdwnub4g2C7KPu3Xjl5ct98_bldW1VISKcpXXRW9SNUtOeBUzzTb0HMGgE,
,Back-Side,Back-Side,0.354756474495,https://lh3.googleusercontent.com/yRXL5po3qgT2aCuQd-vlQSq0x8OYrx5yHNrhwmqjj2WmA4MSeO71uW39gNN73GOPMLp97g92L0WH_lgRX1AbG7wQ6RVY,
,Back-Side,Front-Side,0.631741762161,https://lh3.googleusercontent.com/7p9UGMz_Ylnc9gjLu1tQ34y8faQVnYz4FvemPXTLXZMxMTqV_b-HCPr-2YDK3PiH7RywnC76-Gr1_c0oGqritxnk8vMFNWM,
,Front,Front,0.828221380711,https://lh3.googleusercontent.com/1vRfRGZt3YRijGO_pPGXMxINcnHQ3wdZ-DZqbwIy037QWR8B-o-6FJkuhFGvao0TJTKANcq8gH4eQ1UXmEXYYNcIMnmQ-kI,
,Side,Side,0.85124027729,https://lh3.googleusercontent.com/xglHnurGNBEKyDp0mxdfRLuPRmf1_yt9AsuT2uD6hg1LbAU9KNupqin0KBIqrnmgQMaCBofQ_vQIVrWhHNaS40GHAp7i,
,Front-Side,Front-Side,0.685601115227,https://lh3.googleusercontent.com/YLBdcpBzmHNt_CM8fy7_Ez9kRK-JgnjMhlp4NzsN-HZcmla51v-tBOpEulBJ7ahh2NQjPUiHTwvbi158IqZci9HxV-YvMg,
,Front,Front,0.489217638969,https://lh3.googleusercontent.com/kc7BgzObBz9RbM_GKtLho4ejhmT_uecvh9jXP5oo7vmRcdijC7gkwYQfEKbZ9qvLnuPPY_j1if1a1hwKWi6dnAfxOxZF,
,Back-Side,Front-Side,0.805592358112,https://lh3.googleusercontent.com/iSW0v0nWpcERRSm2brvKWynX45BuTGOai7Nt_ygb01swxUHSqB0dJuzOxq4gkKnxnhCJoj774DFtt_zZ_SC-HnTilATzpg,
,Back-Side,Back-Side,0.578212380409,https://lh3.googleusercontent.com/w79C1UebNHAPVTKAfGs2kALYTSWHTlZEg8mkXRnvDYQm4Bjei_2oGtSRAZcj5MLTNo9-NvYPn768rktHNghZe5_nFVi5Iw,
,Front-Side,Front-Side,0.607534646988,https://lh3.googleusercontent.com/usCGvD8z7GfOxnjvg-HIY3zO60Hxus-XN9RH28bAWr1JryOckrtqPtXLQvEfPq6Jte--S7z47Nux-4mzmO4bA7NCUvVCRw,
,Back-Side,Back-Side,0.653736710548,https://lh3.googleusercontent.com/hmtlfPGY74zsj_OpjjLlo4z1ejpjIFKVyeu6turIQQnPZiNY0EKcgu4DIVOcU_04Y0e63OT7fAjTaPiubBYMrf87LSLQW5c,
,Back-Side,Back-Side,0.34397906065,https://lh3.googleusercontent.com/nzV7O4-xlPfWAXZrWsvuQRZgaZ6AtjvJghmK-cQIBCsxujHV9K1opAniGWCrjxyxbbgkGwm9TAiqym-L1bvE7-DCmfqn,
,Front-Side,Front-Side,0.641200184822,https://lh3.googleusercontent.com/to7VSd8QgEuZqf0UrNuMPSZKE-LK4Kjcre0rHoMw6_lIg6Ft9NlCjn7lQ5OGR5vrlEXw9SIJ8KD_DZwrxuzwgHDtHehVdQ,
,Front-Side,Front-Side,0.828155338764,https://lh3.googleusercontent.com/uiIPZefL26a6PCWx4tuE42P6fWZbScy2dYqf5XPYw9IlAc0kd1HawkPf_JpWxB9wOTDkFihPBeh7vzmgnhHqB2FbJMbj,
,Side,Side,0.564048469067,https://lh3.googleusercontent.com/IDlD6dweSrshlVdBH-9b7slmdkUBtT8Ok9VfJtvN3oQTUmvMsAGE86Na5JAFA88hJtm9sf1FDMv83RfqNYj-VTApt6m5aQ,
,Side,Side,0.817691743374,https://lh3.googleusercontent.com/asRi29fqpX419gtbSwjjWtncXOT2t9Lxzh0vTXzTO2BiRLFunBV5Xgr92fMBu2zsRYNN3MajUdz2dYZvpEbb8qN2phQ2FA,
,Back-Side,Front-Side,0.419023066759,https://lh3.googleusercontent.com/QMgeWK0bXopVxJLosui9AYg5Bjpg5D9mgmtwKtK0bkeWJEWDu3I9PCBzu8y6KZoeGQf6ZImRPlcA4reyrGlTMM61mNv2,
,Front-Side,Front-Side,0.637310147285,https://lh3.googleusercontent.com/W5ZZr37mCFGpgqAtsPHmsdPEI0rjJSfKBvYDdEpKhPr3I8XITbgQ2ijmZ5jMRLIhJzTehSWH2VV8wRN7kbt5kM1RWClkOVI,
,Back-Side,Front-Side,0.769650042057,https://lh3.googleusercontent.com/e5onPo4-iBZoiYoljqJBn2Si0lsfN36D07xxh7ce0-ugDGq02vEWKQ9ZBZU5DzhgjdBeu9VYF_ytZ3e_ZXJ3LjTyDZIZ0no,
,Front-Side,Front-Side,0.897446751595,https://lh3.googleusercontent.com/nzfjqRd6qc4boLWSXgT-8FWpVUVYkZDKf1SEYCtYURoFlGrXUkDnXe2gWo_iYW0Rj1bF0ao4MHCpe8xC9oXcMgQU4AqFUw,
,Front-Side,Front-Side,0.825728714466,https://lh3.googleusercontent.com/K4axBleaa8t55MrdNQM-OBxUFZVeMaZ5lQ_usVvibrfARmmFpq2mtiKXbJzfFNfQLfesNWmNWu48lPePhltvaLJmXuvFDQ,
,Back,Front,0.477806389332,https://lh3.googleusercontent.com/zPbPZEPZwkuSGXhiQpif4fZqZUmSFlryCvoymCXyasknjeqHrU7WYOOdObSy0FNXPDErgDZvEVdo_vGBVrb0xqaDXc2KIA,
,Front-Side,Front-Side,0.815851092339,https://lh3.googleusercontent.com/vJFuQHUztoDDNZ50O-nudKSAh30KcM3xuUsXOhE2FKvYHWU-38MBUygXOrrhLv56GvK2sB_v0Se4W7Tc1Kt7Xpl3yz4e1SM,
,Front-Side,Front-Side,0.569324970245,https://lh3.googleusercontent.com/t1IUe-ctejdLG_Fd8ubsLe2gR6YznwVlkW_5UG2LYfomCQwe74fd9sEhvpJGLU8gDb94A8uO4dIXtehYyZGJcIxkMJ4gig,
,Back,Back,0.816334605217,https://lh3.googleusercontent.com/3NczyYhbgMiD1uQKzOGx_PT-UID61_BRBjpRG-YWMJD2UHQG5ZvkY1XB8USppd75OdQs-SryccmHSjeV2gWNqYQ4ZZy62g,
,Front-Side,Front-Side,0.952733397484,https://lh3.googleusercontent.com/8bFU29KWsKP4AI8DGofj-idJ4P_KuEuCrNUYRnSq9VDvt4Ej36gAPFhptQwfkbmIJyVWBNobEs_lvXZ5XFqC_n8LRfsxSg,
,Front,Front,0.778689026833,https://lh3.googleusercontent.com/YdRIE8m3tLEFj5XtLnwsXgbJWUnoL92on-ijBMbdP29zh0u_7_lGaEW7CWX6SW3Zb3ny8b9dAnnuWZN4w8r8rq84ceqeBiI,
,Front-Side,Front-Side,0.862656652927,https://lh3.googleusercontent.com/0jOKNigJ1QtpR5exFa380TJ3gB8NApWoXGhI2PM58K22bkMccMVkHkG_Qv7tAfYPOjkiIDdr_mpzl5negboMsY4R916qwQ,
,Front,Front,0.734710276127,https://lh3.googleusercontent.com/N2Duzaf82wvyDc-P_N1QLmP76F9bJBgKOkLCCHkfJ8t8aJPpJL9pkmn2ncfoU81UQTliQIgMnOWHO3c9ZmRNU1uhNaUbkQ,
,Front,Front,0.854442477226,https://lh3.googleusercontent.com/XwMkT2jKpHGzHEdEASVP8nl56fR9kgO0srApyOuxtzFomeuXixgLsYWeMCvI9v83yrmJJjiIEQDUSVNm_632ZtKv_x-NSVY,
,Front-Side,Front-Side,0.92522507906,https://lh3.googleusercontent.com/fNchjKasIxm_ZJP_cVu5bKy6T8AkE0Nd_XR_CejPBxKQxBz-T0hP7yNjt72wHS7fmrBNIewatvMnsVM1-_exIKHv633d7w,
,Front-Side,Front-Side,0.681376516819,https://lh3.googleusercontent.com/Hdw8Kq3p3IMJNjAzLPbtZ2x_55jlNSR5YViB26XZViRjv7A-f01sbXsngoSzXJ2GWHa5cc9FVz-yo9jWetVugo7x4rAMFg,
,Side,Front-Side,0.686904668808,https://lh3.googleusercontent.com/8o8MfZNZFkkg54FdM1ruRSFwKooJzPyULdzaXftIwwSjXHN1hRafP7K0C0j_cOSQSyi3o7WS0roI02-zTFsrFCUhj0ZD,
,Back,Back,0.51247125864,https://lh3.googleusercontent.com/tIHQCyKgPfFfMNYzOBXJ8-rxok9AACPQTHD1gD4Oe6o4LltUWV1SHV6B7XNM59IHcxdc-7jdRYJq_cObMCtFP4AzRmS8vBk,
,Front-Side,Front-Side,0.533674061298,https://lh3.googleusercontent.com/sxgsJsvPqxJZq351vR0kvlAp6s1U3Fa4noCt2ITzFbI_4bbIEi6RpFNqc6pWB1g2FUY31WvZV6TxrGSXkuHiwb-bwNkJKDQ,
,Front-Side,Front-Side,0.864795684814,https://lh3.googleusercontent.com/uRwQOsc6tgTHgP8YiSg6DE_dh7869XC-dDNm_w_R1wAV-1p7rG-5qp4gl1zPW5h7AI6mGmUlG7ZRjd9Fqv4IbMOQEPwtBw,
,Side,Side,0.488815009594,https://lh3.googleusercontent.com/OovrSH244tfaNvSWuXxwRJ9wMGiwi8L4KEPj-Jiz_Rv4S7oMygclNKviKL91xpbcpFKlZcgBFPJgaKGOMyW9Mj28rx39Fg,
,Back,Back,0.697800934315,https://lh3.googleusercontent.com/Ga9x0IiZxvsGVmvT1wCHiDKbnsdm2u19-fL18kB-mfh9rmkOReqpWDZ51oY3Tm-_Ro05GV6Zi33OY3ECLkhZIXRGIdqKb9E,
,Front-Side,Front,0.581097602844,https://lh3.googleusercontent.com/5Iv0otinVg9kTy9Dq_Uev1V-mG7Zg5UYwwdCBiP9zOY2Ab9eZ9D97LpkBC6GsEn0AkUSFmyR7QsW-GjtNtJznxwGx_3t,
,Back-Side,Front-Side,0.595860898495,https://lh3.googleusercontent.com/7pnG45xy_SrOnyViSnr27AtPLdOLrzJYZvNH2pX-gmqDl1Rinkt6oMNHJbUowKK7LtAzJXyb9IDwTkQN-dPVt8ymiBSbfGY,
,Front-Side,Front-Side,0.668906629086,https://lh3.googleusercontent.com/LId4Po-pcGAnhN0oEdcyRJXWPiBHwfiX4VtZUhkAULP0b0Ji0J26vQ0OE0nqlD5N_8DjVWbY9uIPsyijJtRDY3gOQIT_Sc4,
,Side,Side,0.740893244743,https://lh3.googleusercontent.com/85Rn6s5JdFjrAgS4dgiPY32p8-ftA7EtEN-JkcktSyQ19b_q7zCoCsA6xvSLbC_Ox2r1WL19M1G7YTnUZxI3UkUhoEnG,
,Front-Side,Front-Side,0.871859848499,https://lh3.googleusercontent.com/oCa7F9-MoPX65-yLaKYFN0aR-Kfef6cW28KXF6_0oVzAclmtEyg1zGce7a_KGN8cvSoF8Ap-2vzseKM62taiLz4o54TX,
,Front-Side,Front-Side,0.960138916969,https://lh3.googleusercontent.com/BPAOxv-belfDQFZ-mxQARXGZQ4Doc_CMAzflz_8iQnw-wSMwkWS5ZbQoU6QG5a1p-diST115SYxiZvd6uS_WuQmhoSOYpA,
,Front-Side,Front-Side,0.740158975124,https://lh3.googleusercontent.com/9bSsyNjow8gAbtFyiPi2FyfYEfo4xyNCDk9K2sUDokXROmh0MtDCfViq_ezZpMsOLkSfWzmKlo16OikC-Y1MF_XektAB,
,Front-Side,Front-Side,0.709256708622,https://lh3.googleusercontent.com/hBW-ouJlMiHd9kZ3WzsN_BgFO88gUnxaZzi4lO6xaLqB4bWa-_DuUTnuU9nv6wtJpHte4g5uEjH4u-L9dWCxnZw1NHmRgQ,
,Front,Back,0.827564239502,https://lh3.googleusercontent.com/AW6OeEAxHNgNZsKnFAORvwLlLF5iJNlYV0ObB9zRSmWxy8bO_qqHThdbFIfu5sS5kOxol-JbdjCJK9D4wNPuvnVJBa_Q8M4,
,Back-Side,Front-Side,0.537719607353,https://lh3.googleusercontent.com/KGbhM8d0VdwmoNPNwl72N4M2L2ukRhSynZOYLj3ugaYfG6_v1CuliN2KfrTYtqYq6sAl3-ULhOMDJ2Rj5ZRSUJVuE-6R2w,
,Side,Side,0.641390740871,https://lh3.googleusercontent.com/IgzgqiNL_4-dMN1nP6qJFA2RlvDbEdizRgMRI8HWSgkqNFLUwucA72uABgBXzRvc8FQltDnFRAI8rpJ3H-fjUnl8fro9dg,
,Front-Side,Front-Side,0.880851268768,https://lh3.googleusercontent.com/MR4Z4nTbsNHTpatwzhQwtZo-8uFFw7QQO16qgbIqRUq54INhLF_cmrkInAr12_FYTm0hKwVSGmDwBzLrJ4fst8lMmix4bg,
,Front,Front,0.56684243679,https://lh3.googleusercontent.com/-PJR0mQXnRilx1T5QpmG9HuI4QQSIEAeWp8xBrbVRi_Jv6dfmzHopk76tQn5nq4v9rrUOfu8U_mljbSyXt5FxFaJElqmiz0,
,Front-Side,Front-Side,0.823041379452,https://lh3.googleusercontent.com/sojK4iQkgZjAingyi4-lsCRW9U48XlL8oVEMiWKvAF-B6uQhrJ93ymv-pUHURbpSJdreeh5U9pbriyBFAtFIXtX1BZnJTQ,
,Side,Side,0.616037905216,https://lh3.googleusercontent.com/hXZ2rCtR3nAVQwUpncslpnFqjbu8XxenjDWMAAkcNIVvfKloPTKJYdvP2uHNQ6wfXDsYmvKvx9yMLit7EYCgWljAH-7aMA,
,Side,Side,0.586156010628,https://lh3.googleusercontent.com/MVKqg8LdK1EJs4hC2dUU711kVKyVA9VyRObBQcHJQe7Py6SOzAIlDA4h4F7NZ-1Hs6cIxiCwnGxxhDj_cZ3VfvaxUoDMtQ,
,Front-Side,Front-Side,0.871955096722,https://lh3.googleusercontent.com/ZGrZNfjtf2raX8vKeWutUl4FpvKBjSCXlHuIdZxsHgOomxHuWCqeTJxPkdPAs2fGxaVcSrpKKDFjkMc4zjTHM2hmgANgZQ,
,Front-Side,Front-Side,0.793932199478,https://lh3.googleusercontent.com/jmkSVeYK4dbR3yjdF9kCwouv14lUGucvwdqateJsTAdWs1sGsDZ3wUztl8p3Fev7IEGH8s_8Ln1imLPawL6x29E3NG0ZEw,
,Front-Side,Front,0.57740932703,https://lh3.googleusercontent.com/rUtEgB32rSxEyjNVieb2c5QVLJEtQvv6IpwoXXptQaP_YoSJ6OP3ZRIHSnuvrIXXda-h3xovAwnVnOm172Z_ULVZsUxSxQ,
,Front-Side,Front-Side,0.680523335934,https://lh3.googleusercontent.com/b7DteR5p8Ac8QSmAPtYOEWp0jv96plSlPkrDN0rK82Q0NUVezvqVpzhYVkbA2OE4E6GevWd8t_fL9jajlJEM6SAuQq4DQbU,
,Front-Side,Front-Side,0.805651545525,https://lh3.googleusercontent.com/Le8RCIaRgx6kp36Reieu_ALKHOEgrwO1bDH1RezsTAYrMOAydHX3LaTGLlW7wHOkenryLOI3mk-rnjv5SJEJkdAG4g1rAQ,
,Front-Side,Front-Side,0.874762296677,https://lh3.googleusercontent.com/IPfIN5lZLEcarPD5UkUtM4LsFBYjluGva1dfQMUHBA8tHY4IA76MANqL_AG008RSd5OmsrBRDwJveDRmTHnjc0aFAyoCNw,
,Front-Side,Front-Side,0.950448393822,https://lh3.googleusercontent.com/n-YGOJ8Fz6qGl7n4Gi3GBj81awnrZwTJEBviSAxYFLjx1FtRglAMGs_OUP9kyQttbk3pRYQt-GXLST6r196tlTUldSM6Jw,
,Side,Side,0.562961995602,https://lh3.googleusercontent.com/d961kc9pQshN4Wr_NCiWulk4zwJVNmc2Aac38IC5ZM3ub2ViI8T2ykWvhwE5cDDh5RIrUdAn8eSC5lf2e12oUcwmXRLWQQA,
,Side,Side,0.764516890049,https://lh3.googleusercontent.com/HWHix7vEJjWL8s-8J3xYOKSz1GzYSrWruWZZakrFuJK5PznJdCA-Gz__L-vVtXrOC3gJhHeVTwHiqqdCBVcGvLu3kW1EzQ,
,Front-Side,Front-Side,0.639681577682,https://lh3.googleusercontent.com/ZEalOY04qmkdgGBu10RkwFhaSZOgXQxvy4_AKOXsWiflr6Z5MXEWPTHMQR786PU7ezm2aTzbo3dL4sH6Adi0ahuFc0z904Y,
,Front-Side,Front-Side,0.754410147667,https://lh3.googleusercontent.com/uqUQYiUq32Sw96CG_1lcUmYwgGVpLPX5pA3PgNB6JIUzPloVlbNTHCdQeA5PsGg-SCakZieyrGY7kDZGMWIc1RwoA1OYIA,
,Front,Front,0.638863921165,https://lh3.googleusercontent.com/6l2N63rjznyfZqAEGAEQMwJp36hBQiGe1pYoMiwiaGhHFChrbyeZfbH2Wz-UEePeBQvDPzjU1-6xaNuglT4JewDI0Ldq4hc,
,Back-Side,Back-Side,0.482384622097,https://lh3.googleusercontent.com/jwQrMn3dQqh7GT-1NfchP51X1pxtK4jJ4QSAOCXDnPyRm02gbosjpDfkgmo7dhSLcrzc6Pk7RIERLUNz3pD885_qst01-D0,
,Front-Side,Front-Side,0.588382780552,https://lh3.googleusercontent.com/WuveRFGdNz6H5CE2326ajLBDK8ML-sDVMusL2p5CnReHUXxGkOznSWh8eI3wUnwj5yOGmellU92Uc8aqCPhfNU6DNoFecaY,
,Front,Front,0.897639513016,https://lh3.googleusercontent.com/hrH6pquiRqSBignxttIZLplw07-kR1BgH9nwC4NbQMUcmcNYJ3Twa81oMnUuv6AOCtkJHpy82QzJVNYfT-dFGLd7rSg_-g,
,Front-Side,Front-Side,0.932357311249,https://lh3.googleusercontent.com/xYPsaDDdqFkAvH3mekgFbFWvh_FmpTw5tn89pjzYXUSP2kVF_4KD7FABEXj7FaOxfsBiuoVdINd0lYKDWlWiuCesreaaHQ,
,Front-Side,Front-Side,0.908453822136,https://lh3.googleusercontent.com/I0DpJSe2MIo6YnWhBr1IgMSzqXFNJ9VKoKmc14NrHxENsV_7VlOlh-2hLxG9rUBM3cebVrB19qyMk5q6_51xdA15ghtbKYk,
,Front-Side,Front-Side,0.880344569683,https://lh3.googleusercontent.com/1Ers5bH0dCTBU8QsSsYmgLzqwocv_sSlhxFq1H4T3kvgPwrAdp9dcI08hj_TBLrl2Ljm0CWNwAFQcqts4Ho_qV_qBft9Uw,
,Front,Front,0.73627281189,https://lh3.googleusercontent.com/jKvlgqOqOhvrfx0HJXh7XVVd7JlMTfcf7td7Zb4kIYFEbBhhJkudra7-jqe8NxrQJB6Z3vjE-7x3Db0SivPBXUtcIfwwpA,
,Side,Side,0.644194543362,https://lh3.googleusercontent.com/XHQdA2p_JklfEPjBjvK76dDrLTyY3fPEOf3zoNgtRGCOYdYnhRArSfnSUTHSUSFYPIlJE9MnnBC7eou_vw1wZszxqTrtGw,
,Front-Side,Front-Side,0.783977150917,https://lh3.googleusercontent.com/gtd5wrp3BJ5svhzVvjFNL_1L2uE6MLlm4F-xnROoWYy2k-XNk1iYW_z7KjEM_w-50A7of87qkRrMudyvZb5hhI4vFKxO_w,
,Front-Side,Front-Side,0.986902952194,https://lh3.googleusercontent.com/bCuVZmkDwU1lxsSDRlZNQEq8bhBTyOBk6Np_P-TpaXm6NOIuQId92HnQadQLpkW2VfEECmN25fXRRrinPsmplky-PmwEeLo,
,Back-Side,Front-Side,0.907778322697,https://lh3.googleusercontent.com/GqZw5dBUv08SMwcHf6tvfhWEdr2y9J4-_kD1nADgsw5yllxYgz5R-5a8j3s5-v6xXhk9qgFBNYhuZ2Zwwro9Sg6cTOaU8w,
,Back-Side,Back-Side,0.474841445684,https://lh3.googleusercontent.com/snQBu7M7JOuFiMV_12mnflPsR8hTypAN7tJTVuHRNO2fXL2ruo73xHxgaXF8Y_cLwbygM7qKP5ksWGsuBT6QR8dBF7UIBg,
,Front-Side,Front-Side,0.644770145416,https://lh3.googleusercontent.com/kM5Iol5BSKijxGa8J9HK5v77bjtf8BSaursrMjKuXG21Q5rXOXK7Jh-O1BOtUlvFxDGtrb_KsTmF-yhtLD9JwgmuoZyNBg,
,Front-Side,Front-Side,0.811577677727,https://lh3.googleusercontent.com/r6SwvB4g4JVgXps2M88JrJDuAI3LB3BM2lq7BAXZEy6dHsu4fzh9lwx_D9Nf1bzAL4MY3NvYssy78xCsUUMPxEdqgTEb,
,Back-Side,Back-Side,0.438076704741,https://lh3.googleusercontent.com/lSxwXberdTc3bKhtRcLnBX_dnZZbAQTXlrQUc24spieyAfC_QD4MRPigso5MEyalXnyzMov4O5lDy54Xx_dT2BeqVEjdwng,
,Front-Side,Front-Side,0.874099671841,https://lh3.googleusercontent.com/-z9pBjlajj22RdL7NcrmTZtRhW5dgUeHfh4AIT57D5ZLFNWiRu7WXVTYahEqBLLjlAWYasxiMUm33wGP2-pHrsGyyQS5Jg,
,Front-Side,Front-Side,0.93559974432,https://lh3.googleusercontent.com/8XNA-Kzg7IHTim0HKJX2kh0LtTODuzSrI6KTryncu3_ET3eoseLi1M-cNlcRGg3bnt2tum_n5tI_fGuQhYVqVkcvDWs,
,Front,Front,0.841821730137,https://lh3.googleusercontent.com/7YGJxT29qraS2rLVTxm6S25b6QiUSA9X9t5fIX1nMLseqJFIjs9WriFK9o6rIb2YPS2wGfy_QWAR6sVMcjI8hn7bc4FGag,
,Front-Side,Front-Side,0.970457315445,https://lh3.googleusercontent.com/620XxWYlttR9pnBjW02YAqkhHuvnlERC1rd455n_W_F3D7sGFETCYx75Aef3Cwsb-bIYl1RtNjxJ1BM_qvlM72ApvLzJ,
,Back-Side,Back-Side,0.397702306509,https://lh3.googleusercontent.com/vJUzghCmVNgchH9Yx75AEUEUMtDZ6IPs9044yMF6bs-hSVlnGf6Bb8UVyaPoiUtuqAvMPyqgJoDDFTAYXEG9-boy_Jjt,
,Front-Side,Front-Side,0.810960531235,https://lh3.googleusercontent.com/ZKW4VzbQcDRVeZwUayQDMDEccPwlumEb-sqJwekGINyULgH-0853XAIm67kGsgfpmRyweAIhrqwSVrRQIcv8syL6N_qyYA,
,Front-Side,Front-Side,0.613502621651,https://lh3.googleusercontent.com/O15e6mghpQrEOlyF1QlWRsqN4ufuHYh6ipT1oPvByDS4jnESa8SZZLO8pjS76TbBFpfumbQ_a0XGC1yvx33EvsMH616mKw,
,Front,Front,0.475882977247,https://lh3.googleusercontent.com/IJnFRLnmQXRJAGK3K2qNdOS1qUJrjaEhqEcdDmFv70vy7s19Z4WF9daY-uaq3GvQ3wXdmC3k_KP-ewPCQUMFiJ-zs4I3Jw,
,Side,Front-Side,0.51590359211,https://lh3.googleusercontent.com/5zdX3sAtlKn4ROmklPUwG8nczY0WmGCagHnthPVkkSWavc6jRolw9BbPgzsdUdvSFMmFpzUJ3cTEKXhopkDK-OAuV4PfVD0,
,Front-Side,Front-Side,0.905704140663,https://lh3.googleusercontent.com/YGnvpAeDB6lCCy15XZsY-cc_8KlEhTlj3FgiRxkh4x4GAKM5Pu7HkD5EXik8WacBFzIu2thlOYkpHbnlPJwptLEgxUzLgQ,
,Front,Front,0.799992442131,https://lh3.googleusercontent.com/IntrCCYTiKwZRvqRgh8NTOZ-QLzzagYh4JpHgVlaw7srTe7SkPWzD78GKI2GtNr4X5pDjULvJNsdeF6KuSU6JELiU308,
,Front-Side,Front-Side,0.869606792927,https://lh3.googleusercontent.com/nltkox2RSJ8C4kwOKfjqX2nym83IHrgRJIl0nVY3EEJrIQAjX5LSbAr0yB-w2_2gvx89Ci04XMFjAVbnItKxlbNabTT-fA,
,Front,Front,0.755885779858,https://lh3.googleusercontent.com/WIjcvu8Q8gwozJLs6SevjrA3ZqniyPUd8Bdgo4RCdO85MlIiffBUi3tNppsR0mrieSa8511Dhy708gQF6ZT3n6gph-cVXtg,
,Front-Side,Front-Side,0.736866414547,https://lh3.googleusercontent.com/YOr6n7GDvxaY7rnynGdR4WfG8TzPuEmfAe48a2ZxiTD_LzexFzJDusLVACF9BQjwJQFySWsa0-tuaIJXZJrzOVrneXNLTg,
,Front-Side,Front-Side,0.604723334312,https://lh3.googleusercontent.com/SDN_MvQ7JeBH6qp31Jw8kK2ykRZMn7X09ZfcnvNxajxWctTuZvX1C3VloVx3ksyV-CBadlUxBDvSycLhpgRo6We53TOAV50,
,Front-Side,Front-Side,0.85997325182,https://lh3.googleusercontent.com/yTabGOCSJ663XgEFkjEQxHhJYy_zpSLqXDbZ4eSOBfh8KNkpbzFtNb_YS5RELXGPD75ryq2Bm1WldyFX3VR3NxjvGdsF,
,Front-Side,Front-Side,0.581683039665,https://lh3.googleusercontent.com/ENa1oHtyY34xhFMF87hAfVBtAPFOZ_i6y-6EDb5wXCYpc2PASJhTp1yLM6TissjWz-3rBvJP0CGW1JUa_4zV19XCyrYdD18,
,Back,Front,0.631297051907,https://lh3.googleusercontent.com/bucgEEvZNjW4otdlqY6H-yrYTQb_YMITz6ZN2ZSYlS_3g78gqPrtJje6k2b76dyWsq_4Rl71XVB79vyO2sTwW_N8jtKFo4s,
,Front-Side,Front-Side,0.631151020527,https://lh3.googleusercontent.com/nCzVARCEqs8jPNRONIixMCwHMRDVsYliv5iofdR1mATr7LXIc46RSlcmv0nLsHwStMWJX56z3jz0KqCBoh0XRXUr4y9hDA,
,Back,Back,0.711110055447,https://lh3.googleusercontent.com/gWIK-4k-OIiTwLyuP45C5_9XUqR-T6SCN5J3gS47z-Ys3evGLGTceGmb2BoRvY0aAPPBFT6GiJgH-581sM1DNJy-qyWvoQ,
,Back-Side,Back-Side,0.714549779892,https://lh3.googleusercontent.com/yWZWT5ELID5wPSvtfQXN74ecz2QCh0o2qclgPV55ZXXjFCM9_BOO4aTwBTG4xmx080rb58rktqLfbP1D6sGaGBp6gW-Tnw,
,Front-Side,Front-Side,0.602156579494,https://lh3.googleusercontent.com/sNqw-Rm9_p5z11IA6P79ym9Ipvc2UboBeWZxmr9F5FEzTmA2F70dW_Nj3xgITg9AWTwjqIWV0ZpsIqDskW1SnmgESp0CjA,
,Front-Side,Front-Side,0.75839304924,https://lh3.googleusercontent.com/G7NZdYX3M8lQVnvSTFNYgc9JZmlF2QYpQDApqbzOB_fU3Uw02bz8u-y8lknhn8l8-ALg5mTPU4aINVqAzQYl1tgvxpddoA,
,Front-Side,Front-Side,0.716327130795,https://lh3.googleusercontent.com/Gj1dJhzHrcn-aUb28D0_1P2SVElazgvxbjCfjnBkNt8AlcTR3TJoj_wTjO1Cg1EH1qdQgrB3EYcx90rkt_J2a7OoSi2S,
,Front,Front,0.511082589626,https://lh3.googleusercontent.com/f-SaeyApJBuavW8SDR1fbL00l53sC9l7c3MKhdC-cqzNc-MHR4N7g8xU8dtYBc8FSttOe4Zku6GVexrt5E2RYCgZlH-4,
,Front-Side,Front-Side,0.810146450996,https://lh3.googleusercontent.com/C0kbiQ1odD5mhs8N6o4cMyusQ5XL4WKji9u4Ka1GeTiNvX-OISsfJSghuTg81tC7I8giXLDG_ajrbgg-i6vfF3h1-95VsA,
,Back,Back,0.491023778915,https://lh3.googleusercontent.com/0pzcfntFkK7y8o9-3PR9a3Q7LWiMxfdbjCbU4La0KUBlXJoCbR9OSPNkULYOWqGJ9VrRsi_cMIdwAuQO8pZr1MJ8xhpIZrg,
,Front,Front,0.805089175701,https://lh3.googleusercontent.com/L2EHuMcYviEmbh6ZtimPYas6OFHD8K2NRpSnYxVS-wKYoenOm_x7i0vYMpCn3I-C5GubsmW57sldAXhMdoy6H1T725Wt6ZY,
,Front-Side,Front-Side,0.939349889755,https://lh3.googleusercontent.com/B93Yj1VoYkDUbnzn09u-j_gXvpHSn9W6y0RvQyOAA_LK3TK5BeiUPr-qF3aaWoLMQ6IZ8_R53TzIZSShauG8ggoZVtv7kg,
,Back-Side,Front-Side,0.523703813553,https://lh3.googleusercontent.com/99imCEYflK14QedyxeODm04m7xC_KMz4pxx2A0UNguXfNv8Gq2nps4psRpKc6VCnRigqX3b_vSo-9xGsyzydfSRIAYICMA,
,Front,Front,0.787816166878,https://lh3.googleusercontent.com/rsh8wTjvjU0JmpHlfhbiCtoKouyz3GL4PHHwuVy9AQKPDoVNxuHNsJouWC9ZGPswJ1vjLISkqZedRKqaDvh7EbRh_U7rD0o,
,Front,Front,0.717314422131,https://lh3.googleusercontent.com/Scb2S2xMh1u1GbE1ivtBCqLIGWirvfjua3g70Zxbtq73L0l3ktX5qLRolELQGsVEJX0JokLB4latMYzF2lcu2zbejuW_4cc,
,Back,Back,0.545862853527,https://lh3.googleusercontent.com/h3u-TKuyUifCM0ve4TYcFZf9CtjY-7VQi_8IUumLRlUiMvhIVGf3bp-S8Ye1IKW56f38ErMg9MU2cot4bzzb1bmDhIUh4A,
,Back-Side,Back-Side,0.480760872364,https://lh3.googleusercontent.com/pmYnr3hYvqlWqMYFnFoc38n_tdpDd3jswrUMamVzOuIDKmSAYrBzeAEuUZLE42JJCZXgYo3wH37EqwQ20uJS_eZ2SyoITg,
,Front-Side,Front-Side,0.677268922329,https://lh3.googleusercontent.com/L6lCw8Q29QkX7hjNB1N5yyIfGCs5maOaU8LVqrpFfI0edcJMJR2D1KLzq4AfsuwGdFPNkzrDr9d2WcLUiHiuoUBoD5xTVg,
,Front-Side,Front-Side,0.653409898281,https://lh3.googleusercontent.com/164kzQnxNzKoEhAg-Wqk8dBLxTohdUwF8uZxERRFQtjbFurO5XSnaMhWkIV4QHe5kmGfqfhqVohUh-CVagV7GtcrXNTJBc8,
,Front-Side,Back,0.348589241505,https://lh3.googleusercontent.com/cZi9c4OZyCfNkNw2TT-pNm-ppUHQ3hx08rML3oo6JaobqtXUYmvD7CMzArGEBKSYLF4bmI5Lw6d3VwLhuW6x4gjIby3j0Q,
,Front-Side,Front-Side,0.912060916424,https://lh3.googleusercontent.com/8gSqxZJejB5c2uEo1gLIMMvIC39cZXIER-AISV4ncPfoibhOwC_uOXEtvtLazd-qaIAI_-UxYHG4ZGExzMnKkexkH583Ow,
,Side,Front-Side,0.605530321598,https://lh3.googleusercontent.com/O_xkvjC7mAnemIxpvZcNg6pTOxxMKrrIBwEJl-_0G5wm5GeDvSjobvP3qjJWgq_i9yiOywU2caYVWvP4z_3yzeFYO5oOqA,
,Front,Front,0.665351510048,https://lh3.googleusercontent.com/TSIAM8kaZcgwwF7ACHUprv4WmDr6HiILcAskX-9p3H1Wvkw8luLR1NCKjITeHqJiZTRQr2rbXOOtJcGto7NnBDUxo-wX,
,Side,Back-Side,0.388392746449,https://lh3.googleusercontent.com/21cuQSPT4l-VxsvmvSlPFmhLG3HPwO5jYwr9MJgWhlFYA4sHuoO4RrCOdUiT8UzYw1Aw6ec4Ky8PzVFPTKoob_uNIRws,
,Front-Side,Front-Side,0.850315213203,https://lh3.googleusercontent.com/n45FLCGKAYN2V16LoFqQqhjoVrhOFwWfiXOpNx90QvoiENtdhziD_t_KQlL54vEjyvo09y6LVTLu7Sgo3llmZ_MNZKaRCoI,
,Front-Side,Front-Side,0.689180612564,https://lh3.googleusercontent.com/Nt8Ozx2Tnigt7b2-vrApKL_W7WhbarITJQ-yZHRk9qDewZN7zP_RjqryNDq5Wy4SlA92moeeUVcQslz8dLYOtF_uV5Ot59c,
,Front-Side,Front-Side,0.901893794537,https://lh3.googleusercontent.com/xMeiyGggt3BK535HqnKzJaNc7WILYtQBtv8_nUZabkTd49K3LzdZLKO_sO0U9DHDtTgKCgUVKuHFEq_qq660R_J59qM,
,Side,Front-Side,0.522768497467,https://lh3.googleusercontent.com/BYR19IIKf5ZyVVM-W_B-3HstEOVBJ-iU-ou71TA-bMnNKJkVQLjRkXWQ2YUXBCXB141Vbo1-fAppYFL9256H2hp-hAkNpA,
,Front-Side,Front-Side,0.665587425232,https://lh3.googleusercontent.com/1ZWPaDLzeiR9n8JQKjny6GEavN9IULmwZQ0uRl4NGN0AF_3554ywfpqveXHSJwrWry9fSsMBSntwGTzPu09bwHTq41T4fA,
,Front-Side,Front-Side,0.899868249893,https://lh3.googleusercontent.com/aFHEn4uJZUf4hLVAry6K4k5Hztysm9OZECYv0Ka1Oc1cARfnWUQpFsZyn02XYZqJFo4-WFL3bKuPxKG05OhkzwYSwsBsMA,
,Front-Side,Front-Side,0.757343053818,https://lh3.googleusercontent.com/jgv_yrTfuuU7P8534SwkfjbdeYn9rV4fzbQ6csp3AX7M9PSmluwHm-EAIVtcMtqEbutvVgryHmvib1voxFnVOeQ44wiwFw,
,Back-Side,Front-Side,0.501492321491,https://lh3.googleusercontent.com/Ahym9lxIVgyO4Qf3WVYQn1b7cxM7yKwVGApQQotp-gnRsoAGYWLrarCIOBR1HeE5e2glgZ-8sS_YmIMeItXTUw0eGXOx,
,Front-Side,Front-Side,0.934200108051,https://lh3.googleusercontent.com/msZk1xlN1H8QRiLfgFkIVlNowtQLn0BoetYsI18YaI2lIuATfd2IOrBVMDO-lr4NBFHfSe3TBeHOq013_UlPw932qliQHys,
,Side,Side,0.444042801857,https://lh3.googleusercontent.com/UMCns1biXqWxm97vfS-l4RYj88J33izUzdM7rEwfeVuVO72jm47jTxkX47L910Zn8Bx5_J08kqJZjxq7V3NcZWKBTdYRZQ,
,Side,Front-Side,0.479335159063,https://lh3.googleusercontent.com/2gHc5j95DjmqtdmF7_CfZk4xlbnDPoDX54NIf5WLnV8NaVW_7OGLgU_FrDiOga8uQadRw9VY-q_-EKBnllgyorUnHLYEaA,
,Back,Back,0.826729297638,https://lh3.googleusercontent.com/CxQ5HKtu_9zhmfhJwIawPLcL2IPAEX1MeEr5sBJC-ICWZenezW7AEgrjFsl1_owhC83pcY091qtJlsx4zspKBbgfeCj_GYU,
,Back-Side,Back-Side,0.358103185892,https://lh3.googleusercontent.com/aiaDPg-gy5pnWUhI9raWa2RDsjJ1YU4sqZLw1K2XUCTajRTdOmt4sQUNBotskUM9H3SgofWSWKwwoPCDM9smFOnDmUp6vw,
,Front-Side,Front-Side,0.720965147018,https://lh3.googleusercontent.com/MbSylHDgVfeG9D9ljs-RP58od4GaNS__O1Re2XWLnsF10c1903xuvwK-KJeoHJia_XlMAeE9SIDne43xAFDSLpxyesNpzXM,
,Back,Back,0.50641399622,https://lh3.googleusercontent.com/lE6dpB4UuHrPj8XPcyH8FwoZhneKRWJ-r6TM1B3tB_Hbb5tRVlCKUZpBPSF7dVKK1_dU1yjEuAtZegvb97RPl8ZwolQ1,
,Front,Front,0.878119587898,https://lh3.googleusercontent.com/EKYeTEmYEpLFl_svMvGRx37ZUjRR-muClYEdG-JN7TYux5uyw_nNvha05t1Hx-cAiiaLqHCRZqyTFim2QbBW_L4U4-MB4Q,
,Front,Front,0.645543038845,https://lh3.googleusercontent.com/Q2aGhC4lJ4FzgAMzO6W1nA_LNywx_IKPBkjwQ9flw-uMPh2ODrMGMrt8re03XoGD66b_luGpBntlO5LNiOB6diTCKkTk,
,Front,Front,0.452869653702,https://lh3.googleusercontent.com/AEU6t53yNYJIyb24IaRl_tF8T3FjmUtcIlB8aFcT1LBv-xFSdmwBed-B3oBAO4P2Wgz2orbhEyKCMjvGB8eqsnLhYLUg,
,Side,Back-Side,0.418834060431,https://lh3.googleusercontent.com/2CIqF4M88N_FgVaoW8OUR81eIao-U1su2nbetD6yS0hUGP7CTI4m2xM_--G7RfpstGKujdAGZcXx1XWvnd4qA7WmTLmZjFQ,
,Front,Front,0.802901029587,https://lh3.googleusercontent.com/5P74oEWcf5KpqJ_KwjTTbRm6EWZnJNiB_kPfol-Hp3U8CNEhok90CfVP5rlHV83r-r8FHQq7zh2sPkyZpnnuMuIIGidh,
,Back,Back,0.656782031059,https://lh3.googleusercontent.com/KD6anGWHD0S8U7V3WGAX31yt2P_DypmmzUFdO5AzVVd9fHsr3BWaPE6D3BqdWSWElEq90BELI6sNAegz3y_eAfQ9iqIM,
,Front-Side,Front-Side,0.534990370274,https://lh3.googleusercontent.com/9bCcIP28NWQOVc7_GIFA1l8-SiT5oHDjR7IaF_Cqojz58Yr-F0TXjff0e4CC2fFhEtKDf7LY4P0QVG1-9WVfalb8KBhP,
,Side,Front-Side,0.84346807003,https://lh3.googleusercontent.com/JGZcZkS8dfkpNdXc5-FFPie5mchEEcYiIn3bv_cnkIfcphqth37NowyNVoOHTh7QRcXzAyffxc3yFPfi1aIGrM-WB4uXH7M,
,Front-Side,Front-Side,0.821956455708,https://lh3.googleusercontent.com/80JTlfjge_SR_cutBSz8n2vXirZaVgdHqHbBy46O-4zUcDPuf8bIc_vYBDxPqpxNZA_WOgnvqkkQd8N38TUIhNw_bz79qQ,
,Side,Side,0.784447729588,https://lh3.googleusercontent.com/hvrlBhsLSHaP-LPROAVngvbe7xZSruC_W6QO-EGX7n7MnOcEH9bWs0ag_RUbwIWWnIMuC-UscSUL8NWCo--92Jf_owE3pg0,
,Back-Side,Back-Side,0.516304135323,https://lh3.googleusercontent.com/EH3d-sZyQ9Sqeh7wa-YNLdAWDPby_Q2A0Uzdc40rxXV1W_7MtLwEvtV2VAZ9ZcZeIHUCj8BpDak0kr9a7oU00mNoWhOK8Q,
,Back-Side,Back-Side,0.596276879311,https://lh3.googleusercontent.com/HjpWYdBFt_HvDtIIfUlem5wOq4QhXrJbAcMVriMZRqVmzGMgyrf9qaKLXivRXn8gqA4Yg1S6d_AR1FRE8853vOnuEHuL,
,Front-Side,Side,0.419674575329,https://lh3.googleusercontent.com/WFoMcY6zwQPoGYmpk5SqkMr2XVin7EAGJNYwWa8lyWgQDbD0d_W0cb4VSOQdRT19KBuK-Kzg7IsdSX5-gHQMuca8d_Decw,
,Front,Front,0.778660953045,https://lh3.googleusercontent.com/ki3zxfrLft8PhjAQjnQTX6YGkb6EqZGneZy43Y-JBcF_RfOjAnN9DZD0xsqII7bZUlZk_s72WB8sjbkEqEcKu6KXYO9T,
,Side,Side,0.594469487667,https://lh3.googleusercontent.com/t-Y9h9stMh9wL7LGHGaITzzL9R_l5IH2kkB3pP68_aY9QnTF_AXG5v8J-z-pTM0okOKhpk_-ajBROOsaeoEcigGR1Po9,
,Front-Side,Front-Side,0.824724256992,https://lh3.googleusercontent.com/pmvMc8O-3ICLmYMyzLlZlbD7tlvaXMGWdlfx-W7F2HIkVA6P0eT7XqUtInZs5xyCtNpam65LhAt77sTTJ5LWkOKY6qo5,
,Side,Side,0.802313029766,https://lh3.googleusercontent.com/kOCGHctz7FeKn8mZaeoNmInVGMtuzZisAm_FM5656klRuknAx0CRVAUvNa__MuSrBglWEj6tEvL98YO9TVAliQM09qjFo0I,
,Front-Side,Front-Side,0.723683655262,https://lh3.googleusercontent.com/GtZ4hibe7AhTWaCJX6cH78a3mF3J8LtL7ao1TmgMrTu_mG-Fq-nECHjtoZWaZ_WdfKiquytJmARgMd8jmHjtZMiXq7g36g,
,Side,Front-Side,0.650417983532,https://lh3.googleusercontent.com/SGZJIszw2-GVQTIo-M-sRXBSazCYdqCwuH8aPW0RSZqKJ-Clml8bc9Jssuwktyn2FE6xo99zyvkkPTATPesD-2BX4hZ5Pw,
,Front,Front,0.706332504749,https://lh3.googleusercontent.com/VTDTMqCCFRPCQIL9VKavzhmqzJgSDJzSsIzrONYGJBaFzm7N-MA2e9nYTpqx0SohtsfghnBn0aIBQIyZ73Xgfhx32HaLUw,
,Back-Side,Back-Side,0.668281674385,https://lh3.googleusercontent.com/DwnWZRS_Ul3RAzz6hv6RXcs4ZYqNAcLJK5MBuBDgoD93a4DJEtKNCnDQff_iXnNY5KkYs1ca_-15edLiXTS1FdTOb1wrLw,
,Back-Side,Back-Side,0.657063961029,https://lh3.googleusercontent.com/2pt0PMPcpdLzCxGlGdGDLfbn7-XHebJSEKTp8eRHi-W3vEoUrIwTXTXTkLE4viWSBCsrJkjitWQP9rQjBO4pi9SiNXPjvg,
,Front-Side,Front-Side,0.744972407818,https://lh3.googleusercontent.com/yEPmVfQwHPNcTPTvrVyoJBI6Pktd0Ce3-3QNdEhPPI6M9Dkvs2YCIQ0FZMqyfy2mL3joylqjyUaErKwsFtWlojniiVvl,
,Front,Front,0.873296797276,https://lh3.googleusercontent.com/jhoel1LAUSEbTRNK_19GJmdTkG4gVCHvtBS8K2QfBeF_KNuy4S7NQ1ilGWd11_u7T6oVJEKqcWIyEKga2JW3W0R4BgLPSWY,
,Back,Front-Side,0.403865426779,https://lh3.googleusercontent.com/1YBWbMpXkLPKbE51NotpS1P2_LbxKbDQabN8sUhp-07uWdffVl5pe_L0g3yUKWTMbHS3g462glRD1UROELKUfCSiOKu72w,
,Back,Front,0.797928094864,https://lh3.googleusercontent.com/Zik5Bc2dk6K28PWT-qIW-2l_d9LwJOgqAj3xzbka5eTRZM9DjhFT4Td6ghB7TCdaro9sZ3vuCVAdNuQKblQxEJR2WO_Y9Q,
,Front-Side,Front-Side,0.728577613831,https://lh3.googleusercontent.com/XfzeP0P2svxWB1ouX6Z_H8ge5nkCfd_u_c-YhGVc9fJHT_1I6n3oBW2BTrJXZBqXL3ulAngSBmqiFrHzSvtHAoS3K_zF9w,
,Front-Side,Front-Side,0.6884329319,https://lh3.googleusercontent.com/QaHLyUz1gM24fxqpjVT74JwpM-MswT_n-kKtr_M1E3c0zfAhutEAVFNPTPwIGUZl8G5uPfe8-_CJ9VXQBtXOtqOgiY63oz0,
,Front-Side,Front-Side,0.654151082039,https://lh3.googleusercontent.com/TFwJr312BOIpfGbAuntgDn4-KRNxvL3CpKOFWy0gyE5PQ6R7oQ_Dxpp-3Gn77Y3OWNsh97P5jiFDEXKgBRjHa1dOyRZmBw,
,Back-Side,Front-Side,0.686776936054,https://lh3.googleusercontent.com/OGSZ6wtd_ETb8f5jPcxtYtY7ufdutp7C001Pjjku3-V0gwytwG9Hl53TjQp_BvY2Lm_6ZXR62DwqD4vwKhIPT98kmtmt1g,
,Front,Front,0.589340686798,https://lh3.googleusercontent.com/c1_YRIiLjXsudBMla1WEjQPPSR8aeuZ0LOSF8WJ9jrXp5lZORa1kLsgeXeCJ1ykylISarnvUMRhy0Nhfc-KP09T0pfPtxA,
,Front-Side,Front-Side,0.894322454929,https://lh3.googleusercontent.com/oyjM1vl1oai1Ly0_xqDuzBxan5B0QRD-gm7hcj29Fw0EQUsV4MymMJWjBahYIbpilbqwTTqPosw67CAr43wVa3jkuL7lzg,
,Front-Side,Front-Side,0.349213510752,https://lh3.googleusercontent.com/YH-0rjZuKWq_6BJbQd4smKDV9jkAcljTpTjVpSbe5KrDjDfamV2eyTvm9-NwMGe-7tHtBRbGQObk4A7nRJsYKlxGChP4NQ,
,Front-Side,Front-Side,0.843767225742,https://lh3.googleusercontent.com/RgX06L1QheZ3EiGeBdHZx63-ZTeNyT4DQKYPKI-mhu0_UvoXQfR5ypeB2fHqHz-1JGNtd2cD6Ni0uSNYNvmOyCie2eE,
,Front-Side,Front-Side,0.869343101978,https://lh3.googleusercontent.com/VsKsbuHpoRlaChW3YXrtD3stY8duAr-D5LI82vBOjv5YJ0YAhon6goCza1MPDwcn0j47fv0qKnOidb38GKXDCM3Vqnv-,
,Back-Side,Back-Side,0.682666420937,https://lh3.googleusercontent.com/rjphLbjxWfFaRYEku4EAka-rUPtV-CCKgRnZLn_kDq9s8iLE907at7n4wIjtx8dThfrXssnH8LZfO-iJuXoyLFaArvQh-wU,
,Front-Side,Front-Side,0.829470098019,https://lh3.googleusercontent.com/fbYAY2i18drMtOWbxxrEJntc1MsA-m5rqCmgm1LgbQnsZ3T8yUzU1yAMSfUsfOXlN10_RFn1cuX1V6UQMnM-i-ApTFGY,
,Front-Side,Front-Side,0.799700915813,https://lh3.googleusercontent.com/al3JfYRHnft80qC_skMbKsrMJzib9AU7xZ6AdKreRrn-fnnjR7w4mnxgLbNPuQPp7UeejAf0RHNP18j85qw0G25Qhu4T4HI,
,Side,Front-Side,0.718585729599,https://lh3.googleusercontent.com/cBSrof2P-ZCwnMBmzxGPNHrytbJmBVQXw9kdb1UWf9DYmPkWUINQ9tVvkUyP48cN_zSZRIYg2l10CAK05IgMW2MxXhGE,
,Front-Side,Front-Side,0.891557097435,https://lh3.googleusercontent.com/NH9U6LeGx8DDrzpGGsdEWannlQUVWT6uBYPuIS5ehLmZLgeutr15MHUUYHTJBDqE3upytD_ZLcTm9ou182JXDEa1P9ca,
,Front-Side,Front-Side,0.455958068371,https://lh3.googleusercontent.com/3g_Ju415dC7lOe7q1CtiWphfKrlMqQfYZGcvaqkqwPbU06Jtddyj_Ip3k4fIuMi9UpKZ5WTz_p6hgjPqd0oiGaclvRyEaA,
,Front-Side,Front-Side,0.921874701977,https://lh3.googleusercontent.com/Nn0HeP2JJUFVpvtt4cXcAxX24m6lvupXh_oKcXKMAJp8aPbByFZF9jV-Dyz8R9oY8LVVcikKmYLYAKu9K_qG64hTrDbLrGU,
,Front-Side,Front-Side,0.710395634174,https://lh3.googleusercontent.com/LUW-pfIM_GovAajlTuOHXo8u2jBmEDn_fC8ZZ9NqlRZC2Db9H_C7Hc9-7BuR8l0RzQd_3ddc8y4oeXJIdU08LLU_dj5c,
,Front-Side,Front-Side,0.692512571812,https://lh3.googleusercontent.com/lPDuxEvTu9s4bno5OKe2Ym4uN7lrWpIpUV2SzgrzX2b4TK4K36lSOn5LvZ4fGLspXS3NiaY5Xv3Yzl1cfLo9WYSxxHULEg,
,Front-Side,Front-Side,0.870961546898,https://lh3.googleusercontent.com/1QGHEKuukxey_rI7rfy8KzG4Z-zyc-1_zDAsZVeFUBjq3FcSlgX5T20a258qoz7XSnoP1OUmp-QPlW4YDBMwd9jqcIZP,
,Front-Side,Front-Side,0.881122529507,https://lh3.googleusercontent.com/8noak4mYq0Gvcj7r-WwYsDB71edEtnCKepQ_11_RKeuORgGu7I_Ns2pGl084CkJI7QtlSG00v2D3Ac55abS9OtPFHEz1ww,
,Front-Side,Front-Side,0.823307394981,https://lh3.googleusercontent.com/1oVJW-GK6o6ubN8xPZqN57uZ0vOOlLviBbH6y5dpkVrFMLf3yMVnAOHniu3t0HA7S9ts2CNED2aNgmiocks1k_Htn_MDIaI,
,Front-Side,Front-Side,0.878973007202,https://lh3.googleusercontent.com/Y-GMmF7Kc0HGJBbIZzCn1NHokQg0SCfOTPoBUua1QOWat_dcwWnNU1oNN3CV99D1XUAZDTQUBuZVG6-ZOAw0gbG5_SM2v5U,
,Side,Front-Side,0.495908111334,https://lh3.googleusercontent.com/O9YKzvubOWA-Qm9_Qmt9CD3YfSdZMV6W12qicZtnslnRqhNSNKs_Lm3HtXRVfAAB-H71SRmHFoZkVMoAM5zqX5sIHgNN5Q,
,Back-Side,Front-Side,0.572918236256,https://lh3.googleusercontent.com/zQGzkqYxi-oUQmacpEPxmQeHvcw7E473_PKveY_BBlIfdnO1xqsM6LSLysSaxqoQDln0flnJID2Oct-GX1ohMB7EVWyTsA,
,Front-Side,Front-Side,0.582190334797,https://lh3.googleusercontent.com/X2Q02FWrXGK6DJwOa1hF6pRJ9s8ivT8XEbBkqYoKChfbPLXffiKE2btdVC0SagybXkJ98jZ4gXesYSlGU5CwloVjCqogYA,
,Front,Front,0.530850291252,https://lh3.googleusercontent.com/vBN4S6k6znKnlJr1chRtATdaFYmZh3h3--uClGicWgagsvnTvc2lEUxXNdq8h0nICnnsfkoT5U1N-jBAeSmt8eiqjekn,
,Front-Side,Front-Side,0.731236636639,https://lh3.googleusercontent.com/P3Fejtt3gFNu2nn6YcYhnNhirsnuhAqHJoWrWGJ_5T4J8Yfszor4Az-7cJPecu_48m7HOGdHpr9rCjnvneoW-lJkGxot7Q,
,Side,Side,0.434657812119,https://lh3.googleusercontent.com/6oIThUP-xQmgIum3ynow2Br1NlhE-c7wlcyNOdBmjI9UZAkXqK0T5TmmOJWsB-2bnSCUZKy50Nbg86XgFC9SLe09YZ72jA,
,Back-Side,Back-Side,0.769113838673,https://lh3.googleusercontent.com/55qdJCNwF49OeZWUW-g2k-7PKj4mBt4XKa5S52edWZgDayv01nnrX9utj2965yTtLGG7EO7V4wLJT-rohzS8dBJ28OVWTQ,
,Back,Back,0.757534384727,https://lh3.googleusercontent.com/9b7U7FiwXOaQFdrsZVTr1ig8HJo9S8cHW906Muw2XosQNlamMzjBdm_oiEwBwvvkfIZjXwaG9yn6_tCorbtO3CHFruycPQ,
,Front-Side,Front-Side,0.916486680508,https://lh3.googleusercontent.com/QSC5xt1MRhROQJlGkG5mKs4F34cm7rwUdrR7_kTNJbLpi5YNIjgWHJ0tBRfdKPEQVe_E-XIzDy0_c7k2kfYBeOzAgFtnz_s,
,Front-Side,Front-Side,0.502806484699,https://lh3.googleusercontent.com/H6bc9PA3mW-FUA7rEz4dk6CHGjZ7_RSTmnynHjm11E97y8NrL9MTi7iE4PQ6_eFS3FgViZCv2dKx3CawNZzvevc0DHwe,
,Back,Back,0.627683877945,https://lh3.googleusercontent.com/MwuPbtNlNariWn514T_nGHUOKG3UXTeTOEuwzokJ3v3CZw5M-UzggCwyRkz5XCBsglrQeXPxE2IA_wWWiyI9eXbqh4jGTow,
,Back-Side,Back-Side,0.602085828781,https://lh3.googleusercontent.com/dqU_3-_wZs7w37b9m_98wbePSQghO_udlSprBPHTDYG6JIOeKQRPN-gkD6-GYYllunDlQn6A_JfwBQ7StkX4zbokQgXc,
,Back,Back,0.831616342068,https://lh3.googleusercontent.com/xi3s3FloZ0Mi28IwWKJd-AKk-tU1DKER-aTev29fJglLtPCpCFBXnd9JaTANPtqvcmOmmX6yROKTukiufVjWF-2Fd3CQTQ,
,Front-Side,Front-Side,0.975873291492,https://lh3.googleusercontent.com/M2I4XTj73CduGFfMa4i7I_GGnEbtK20TZ5Wb5l1pKSeRTDL7WwXgRH6oRpoVWfFgHbWpuWxNT1-1j4tKFPzl5CtAN5TQGw,
,Front,Front,0.946963369846,https://lh3.googleusercontent.com/S6K2CtEMfHui1Dg5E-Y4ZZyjscZCgpYzY9GVZelXlQYjMQUzlazW_3UkG9pa3YGCULGZVNaZ2kmnOoSlM-De50qDG_AAgw,
,Front-Side,Front-Side,0.692404508591,https://lh3.googleusercontent.com/XI-7R5ubAKPtQ4RaqDz0h4HRCS_d9o657uXsdF8xFwu-rI21_Pil_uqIX3yCMITN0FphX1WcogJRyiQUja2c7dZ9y_e2Cg,
,Front-Side,Front-Side,0.802216410637,https://lh3.googleusercontent.com/yo3CI25ANQjHtE54lEKbW3O7JemelVxaWiEaSm7bXED5nuF3ZADsAb6IIJrzfQIPbPbXhKTwbZSySbz0DshvDYxiJRHDhw,
,Back,Back,0.67166775465,https://lh3.googleusercontent.com/hgXRJ2t_pYTi8106FecRrfzr_T-z_SZs3mu1PBYScL4diJygW_tlbe3uirL64t0eNj4OLw21yjzS4ZIpkp2Mjb6dX2cA,
,Back-Side,Back-Side,0.572375416756,https://lh3.googleusercontent.com/orrQgKbKR0_NGa9IfcGgxL5pHjT2AWUDHiO1NbQGtf0WjzozYOXpi2vVd72xzdgKaXxQ_t--SkS0lp_Tqj5IR9IK39ULkA,
,Front-Side,Front-Side,0.955345094204,https://lh3.googleusercontent.com/ZIkIN-DvtyzOlN5bbzx7hGa8I-meMsjTc2N0YJ_ozBQsQ2xpaUkS6pWBtcJegeTxRZsEkpfEWV2Et-5c8PvBoFWQI5y6,
,Front-Side,Front-Side,0.959454417229,https://lh3.googleusercontent.com/fLpwEqNUdNVnmi-sWqyeh05X1_Sb_8dlZdhytcXCGUmY06WPY_6JQ17Dknrq2T6txiu4ghddIaZE_6PsmQnizmW2gatgBg,
,Front,Front,0.564847826958,https://lh3.googleusercontent.com/s2_xfn3pNt0FcB6nKXCdQY3kk6hb5SNwbNBkZqeLU0GOKC7tHNKZ61Jin-RIrCblv9s0uXAn-YDkMV2s91kLvTXI9V5atw,
,Front-Side,Front-Side,0.62974768877,https://lh3.googleusercontent.com/wSjqcOnsUXE3VKB74thzGPfCjl0aViaIiUUb5eQVjBgEsbBVcd5zB5rt8VziUrELTae_B132qaj6yxAXVk-ovYVQFxnBnw,
,Front-Side,Front-Side,0.470984816551,https://lh3.googleusercontent.com/JVxQTGiEfqSP4ZOr6whvs2-o-ha3VBZ_RSFbyWeipYzJziarHdaTXLt0gNHxO1ytO0UD8tcyWQL-bm5wTb4YooqlERybebw,
,Front-Side,Front-Side,0.892170846462,https://lh3.googleusercontent.com/V00o_qHQj1vZxVbwZU6glb3CZwUBkwHx2Egp6XEoBTVPb7IIduG5xY3XbdKlFXaDFdEGqejRemrCQcauKUnsz62XCy9BCQ,
,Front-Side,Front-Side,0.647774517536,https://lh3.googleusercontent.com/M5l_yaO9QBR829naWA5ng2wKpY3JuW2f4Vh5Zc9xOsewqiEvOCuhnFkjEc3Ut1C0Y-jzcj1SUH1NYSeeftuUurqnfMDGpw,
,Front-Side,Front-Side,0.739204406738,https://lh3.googleusercontent.com/s6dO3cVgtqyWH509xUY2UJ34O3JBcXwO5QNQKiamdTfj1nNJQYGa0vTTZBPRKAkiS3G9VKgKCxov15g7X8TKMdWtuaWWiA,
,Side,Side,0.716346085072,https://lh3.googleusercontent.com/H9QhJ7JHruWW5VVizKZU7dDjnHIJ_o63gkm9OVQj_gweYTWfDKb1e0eq8UA-leqMLJjrR8NPNGzhgH6f_v0DZmsqmn_YSI8,
,Back,Back,0.796670019627,https://lh3.googleusercontent.com/OkCCaA_to3ytU64o6GLe1b4SBugIjkdOfJ_MxUFgwlUk0dOANMtQYLwS45EroN4kAJ1ej71gBToWHMLHU6-2qkZWi_vORA,
,Front-Side,Back-Side,0.363498210907,https://lh3.googleusercontent.com/9CKXS3Tt4qdcvzgjseczAphjYJsxatJNyWNqU6KRUF67DTFdMiRTbmgb86lGbdXoLwVhM1X0kssVq2M1Sf9Q-cOAuBcfJsA,
,Side,Back,0.30984583497,https://lh3.googleusercontent.com/rOYCx0AZFAAjCTtxNMw2oMdn0y_rHLq-AFY_8clwJtR04tMQWKARPZKGYerZnBIBeRR-ifE9tLGU6A3Layg3YqNyCe4CPA,
,Back-Side,Front-Side,0.366988092661,https://lh3.googleusercontent.com/Mt7PvKE4lZiZ2YZVmXHPsr44Ci7WrpjjSeAUN1ZfVYAxy1hjtHy2QqvYHSdRgGBtgtUDhg-aaKZe2h3GvY6kLq0T1L4FiT8,
,Front-Side,Front-Side,0.869196355343,https://lh3.googleusercontent.com/5YIT0llCFp9lxKPDrNpfmlibx3ITp7L2pe0qIKpaQO7KtayTbdi7OJ-rTJGfAbui5AXp5jLBSh8vWrx37mz5eJKuqM3G,
,Front-Side,Front-Side,0.907567977905,https://lh3.googleusercontent.com/NCvaFVE4HL5rEQs--bqlDoOJ9j1s1CHW-tIuH5cUwtviAik-1DTENJYZuQpW_6fuw8Og5W0aEZumj_2YYM5Ft0vOpgu4W7c,
,Front-Side,Front-Side,0.710850059986,https://lh3.googleusercontent.com/PrkY__nuc86-oS5qKu0A4Zqwe7M3SIBVjUcb1xCHjx8qhmWAQMDEMfriEGedfCi4B40o0IIuBgCbM75zpyc-8a8urB9NeDo,
,Front-Side,Front-Side,0.513340473175,https://lh3.googleusercontent.com/0SVELMjyS-iK-2NN1KJe3G9OijucKTGWis3Gvd-FGZ1BInUOPSycLpf6ZrKKJTLVreJ76DYhaTGCvy5u88TrmLSqzx1g,
,Back-Side,Back-Side,0.478840857744,https://lh3.googleusercontent.com/EyBdu8-7kRk1dMcqYLRiaTET8Y6F4Ap-fU1p_miZ8V00ta7BwUXipTbgQG-cn408C72QD5QVh1dooAWL_k70WQxvczbZ9w,
,Front-Side,Front-Side,0.963262796402,https://lh3.googleusercontent.com/xpm5kmUwr17yTx_fZs8qKkOHRY7r3EVaWZbpV06IRIZDxCD4iDV5oP9LELzxJI8qfnlv4xoRLuGloCnOkZPlbYn4TXjuN0U,
,Front,Front,0.33119276166,https://lh3.googleusercontent.com/bheF9Hfwe7F4i0mu2xdbtJ6QAWslmm0eufzF2brtS6C8b_Nk_ODoKVaaugLwOKV_7URV5yLofbd4T63Ef7BKAFSVOFXRgA,
,Side,Side,0.719989538193,https://lh3.googleusercontent.com/NXlXTJTBdNsDyzjFQ8QfaPPJyK1Y3kxHFZbLp19Ino952qdMsCvSAnsLzrHdqTGzuSumVIFrUFOVpo2vyTpr9VR3kSeSVg,
,Front,Front,0.530290782452,https://lh3.googleusercontent.com/Nsc-tTVJ31LU47SHtGbyvQ8d-DO-6ziBxTQzkr1M02JyLeML7-aPnJnh8NPmChbqPEqX6mWAv_7BT0_LF3mSnaUR--iaCz8,
,Front-Side,Front-Side,0.9831392169,https://lh3.googleusercontent.com/Ni0D5BDVfttLPK3_8cpJZUfhLZwebjpqWzphIJeQNTi81Mx0AAuUBm4B9p-1cvOvDFDakIWu9KPplGt7NvMTOYYygPNMPg,
,Side,Front-Side,0.414132028818,https://lh3.googleusercontent.com/AaFn62YdjdFE39YP5eqwaQkgtIigpguS2KQq1D2FGxBT7zmwXNs8E9U8rSvo8BFW5xDVgYRWHLzI8UIpXzHmCM1f93UzVw,
,Front,Front,0.763392984867,https://lh3.googleusercontent.com/DHN6r6yVF_N3gVn2hYSbofWCWRycZSUYbFV-tkN4lbQ2So-k1VabslTzDPyPCi5Td7eSoI8y3AqaZMFKlaNL6hYTjnKgKQ,
,Side,Side,0.619444429874,https://lh3.googleusercontent.com/u_ZhrDpew2argnn8N5CVWTpS6Jnq9Rdwxo_L5GkkhGnUQaZqPT_kpdDvgpTJCZ2kDA4zQZGHtk4lvEP6FCD6fFBzLOA4,
,Front-Side,Front-Side,0.768126428127,https://lh3.googleusercontent.com/ols-Ws8IS6DM_GvxT_Bz3Q-rQxzZw0LKYugS3dyL9bTX84kfk6_3SJzPuZr5ZBacc7qk0b7cZrLEppfmtYslz-DEhsuufgk,
,Front-Side,Front-Side,0.752368509769,https://lh3.googleusercontent.com/zhNArCTguD57Sx2C09UNf5AlZydhaY60rYVQOsEd2xGftqauFORUvP2BtTk08ElTKnkx4V3dESloZWW0lcCr2MqHY6NNemw,
,Side,Front-Side,0.674025833607,https://lh3.googleusercontent.com/TcZVLtrOB-Is6k1gJJAGTaHMoLWT3EfSSuRGJ0Y5_dCubEzPtSFi11weqM4ZNCqhcnQ3-LtKU5YLdbOSTY103jMz7vs-kw,
,Front-Side,Back-Side,0.48411911726,https://lh3.googleusercontent.com/gaQwp_jxcb6ct05XsUuPuW4xSy8zsp6pHYRMJGCDsY4kTs9u6ycNiuF0npkUqjKDLXQC1lg6QsCxiJjtLw6o_jygrfDF,
,Front-Side,Front-Side,0.856731176376,https://lh3.googleusercontent.com/q2LdkED1BKmiwtSv53fP1mb0I5oDQ81x9rrcUlCB-9WHRAIPIHz0FLHmWpMXmb3f4uGrE5jbDwhxp1lyJasmBVGOx8RP,
,Front,Front-Side,0.424340188503,https://lh3.googleusercontent.com/qh-4WepMcvMwPFpYN2Zxvx9iffrFllSrJARtnzXengcqdOluCkOa9_JXJalDqm9UD69Gq2UEbL1owi8nfACqVkJtS6Lr,
,Front,Front,0.759703695774,https://lh3.googleusercontent.com/Ixawfa8aAJRTAI5KMYN1MpdFiEld8rl53CB1fu0tosFpUwGQvXKQIDNomtMD4JGfB7BoJuiN_0GZlzmIjPuzeAZCGCaCrEQ,
,Front-Side,Front-Side,0.830904364586,https://lh3.googleusercontent.com/N8O9VM6eaAbk1jBPMgEvas0bJH-BrWFJovR-mkcRIRvQYX7WuLZh0YjDsNS9VEvJmUXNtqmR5_rvRqNTnmR0GzbnM_M6jdg,
,Side,Front-Side,0.591268956661,https://lh3.googleusercontent.com/NpWdhh8KpY3h3yp79tfhe93YD04w5zQ30p6FiqlhTUw0qufUYfBE9n1DmSSG0qnMwfYDQkN_SWFLA0foIq00E9Bp5RIQ,
,Front-Side,Front-Side,0.804516494274,https://lh3.googleusercontent.com/PCd6uLi67UulHkOXHUNG7UTlT5Wtq-yuh1rmVzn5AR-y49kkoonOTLrNEXn9uFUfQ9ZbJT-3dHF3EnOylHDQ5Qsk03wm2w,
,Back,Back,0.779951453209,https://lh3.googleusercontent.com/Sisgr9Ec3BS5N0xJ44FzxH34ugTisIUYoSozfcaW508lJ8T16mRO8B0xtlNJJc9O4qbMNwxxoH2OnSExW6zwS0ku0s-k,
,Side,Side,0.730861961842,https://lh3.googleusercontent.com/mmalEf2UDJfLL-xJ7f1jyoCAPSfYzrrx98uTx8_mscrKFE6cZSHVhO4TpVFV00ccY6Q1l_wWrw6LUkGoqacjQfhm7SKN-A,
,Front,Front,0.866916120052,https://lh3.googleusercontent.com/yxOYo2FYigRDoPzqgelrKIZgjwX67X45jnqSkxbMtB_YQfmwMoBnUgN9nrwawat19PbvjBf5OZY1MAUXstQKIetdUUzzEw,
,Front-Side,Front-Side,0.687136054039,https://lh3.googleusercontent.com/P5fcqaGWmuL2vxfJfZY73BeZNgzgH_ec2oVf8hWA-9gj7iLLfC_OscWaRASvq11kRK68ObFfZh6VNA3nNdF2zRwp8j3-OA,
,Back,Front-Side,0.390830308199,https://lh3.googleusercontent.com/4v04fFpAty3EiwZaVcDb9EPvc4SRD01Yedrs8jqfHCtl8lKo89-exMJlKr2s3loyEQh6e8zAbfPgRsDFMmW3USCj4cc-lA,
,Side,Side,0.747658312321,https://lh3.googleusercontent.com/noInXlWWtO8N7HOSueU4NxWBK1W490XQEs99VC6pDy6xcpPBphhB3DjhgqfFP3mWBiexRHaCHWXrEWl3zkeOJYEApkfVgg,
,Front-Side,Front-Side,0.820660293102,https://lh3.googleusercontent.com/zGqvDOsu4qkk-xvRHfsrXbS0QC6UtbW30eH5ptpbo8TcKejo5UYW0ifeJRbNUhMfN5DNVXRrCqluSXjzty0MXwKJCSirDA,
,Side,Side,0.475203722715,https://lh3.googleusercontent.com/GGalzlRXBHX8xvNT4WanXt7QZ3yidzFkkyY2FtuPQJZhLkJqwD7t-GfVSitRxtlr3UIKBUxFHxCpGDu83RscqTA9bWvR7Q,
,Front-Side,Front-Side,0.476527661085,https://lh3.googleusercontent.com/9dGdjqyPDFkcqBp0_9PZaq3ZCwLiNrS7chZ7D_soRvxbgr0DF1ozgXW9DQW6R00UW0zpDEhlj93NnktBlZA24jdVyBp3,
,Front-Side,Front-Side,0.732157289982,https://lh3.googleusercontent.com/z4S1Cw7c2lEaoCCF_jfWtWmaAlG4Q98nOkKStt6k5qruM2ml7lyDEZGLSBXsrZXu_DEBIExxTWUqJ_KuqC_3CZ7GUKQYIg,
,Back,Back,0.606760978699,https://lh3.googleusercontent.com/9gV1i1BBEOaKBXQ6enK1Db_MG8EYL5rfzSCDK2g0Hvj3o3ckPVHg6tJYFYGI7zajCumo_FwFAZpty-RfvJvSRnMmSoKUwA,
,Front-Side,Front-Side,0.704220116138,https://lh3.googleusercontent.com/FlVX18-y5FBup5QDLWVcDdMzIQggHGdKxm5pXj-ETJ2DaKzsNcqoACMZ7K1tD4hMWEx75dtFTsoHGPatzwVH-Zib2G4S,
,Back-Side,Front-Side,0.455566197634,https://lh3.googleusercontent.com/Zy31JNBrhT3kugOAFTK7xN3tbSutzsqIB5pUpL5cGpHV4xnIY0WkPo2OyyEJMSiLFy9maVrGZ2WpRBTXOdjjKSku5UqA,
,Side,Front-Side,0.883901715279,https://lh3.googleusercontent.com/XhXZhxeB_3ALZiQYuzidHL4egDQnUU8haQ8FtwbEJaHEgigDBpbGJ7E4-kEM8g4yL9se0WCLId8YJPpn8EFhMoNVkraeuJQ,
,Back-Side,Front-Side,0.31082880497,https://lh3.googleusercontent.com/IF1H0f3vvMhmmskHxg3jk4ElLVTM3ZTtdtP5bRU13jfDeIqAIxVzvnRpjoT2f2IgnDkLifLZLjVOogU22Rqs5HgEkiKKPcs,
,Front-Side,Front-Side,0.937037527561,https://lh3.googleusercontent.com/R0lrEAlOFW4aFMZRDrcGDWcI5bUTfvPVHaBtNg4LrMHRpUGqUvPSZKLcj9iynPyAomrk71EYMd_c6coXyXIeUh1Wn47i0lo,
,Side,Front-Side,0.632980883121,https://lh3.googleusercontent.com/5OL2ZHQGSq9tnDwblSY3YwOckclDA3aoe6koYLNq0_9ifVj_ujiSesXlqy_J5BQhLahjnwzg_LCm2xl6HUEqnCmBZQUb,
,Side,Side,0.692964732647,https://lh3.googleusercontent.com/sdmbQ638WeFPVAig1adZXNwT8lHQWExST9uM_w8XKAvm9mlsKBgfLyszt3VhkaDF_K4vdlbpcZLG2bZjjIaJ5HAQeroz,
,Front,Back,0.650986254215,https://lh3.googleusercontent.com/pB-4JXXmZg02Hjm2tus27lKbJIQ_maQM0Q4Mra3pyC93MtaLO7P05galJcNLKuG3ieBC6sncNURJGewlSHPPfsebbth1BQ,
,Back,Back,0.567727506161,https://lh3.googleusercontent.com/_i2HWfm0GbncL-fTaAjU4zeq4CwmBlA_VjAzZtsNLwzXvXjk9CmECh-7nfJSI5sv4T8AqOX8UevmiVWYvi_e6367EOdg8Q,
,Side,Front-Side,0.759199380875,https://lh3.googleusercontent.com/I8qQhnRVEM2p6QsoOhGMMHiVQxvwa30Wq51S5AZnJjBTNiC10jQnS7T5GofZVR3hiUV6xrbbWz05Ro6u1zS7SoiXgCjEBQ,
,Back,Back,0.419997483492,https://lh3.googleusercontent.com/pD62HsYP36wDymcuHLZn8YJCvKfjEd3zHAHL6dMG7JqIS-vlYLlbpqwgqxDtkiCSho7Ov5neSsoWwWym3g3WIUdsbH6Xkg,
,Front,Front,0.7292573452,https://lh3.googleusercontent.com/DwOB4XOnB4x-y-F-ciODyHxssVrINVgb1NQEy0zoYVui2eYRKj6DyBD0y5TlaIv7wvyGRzTKYKClk5gxiAFLOMOgIEkyDQ,
,Side,Side,0.699504315853,https://lh3.googleusercontent.com/n5Hlywmf3ftZ3eFs7DMmRGpZHMn6VrT7kqiHtSTR_2NpIDfpvewZL9Wqxccvl3tGB8qP0UNIXQv9ODuyLrzp43CoQ_9OYnk,
,Back,Back,0.890949845314,https://lh3.googleusercontent.com/E7gEHzBjq4tMAB-GZZx8i4uW2NUqtEel1W-Hv2G9Ex7bt0qvmrcaZuuGiRo3Ep11MsQRXoX_8_wQhY6bznHAQkfJtPVA,
,Front-Side,Front-Side,0.925221145153,https://lh3.googleusercontent.com/xkqN94iXfLPrbVw-c1S0nbjIEWV3IMuy6BzToaIM9f7CV3NLzfSJVbxLAmDCE7tBAvn2J2q6aS_QZjYLIN-CIpPF7ljJ,
,Back-Side,Back-Side,0.541501700878,https://lh3.googleusercontent.com/JT6-Txj1aYno4GGUdfts94bUF6ke33yIw36a2eUlLt05MBVLPeeCmaOZXbw-se40PqiszuThN3kU5LFg3uonUVy6pp1LqxA,
,Front,Front,0.616408348083,https://lh3.googleusercontent.com/BB6noaTdKj6Y1cR2RPK0G5FW2Wbej-4G5m9ejj95botPisGWfuVkAet5oYYj1MwlSu6itu2OSgh3fafz6srLTMLuI9L_uQ,
,Front,Front,0.800108969212,https://lh3.googleusercontent.com/ZW-g5AOAchd9s0Q8NA5jFR1pSxkBW640HgDqyZE_A6b2rihC9Ox0PwPRh0PtT7NYnKGkY2b4GCNL31xzQO-JzGEs7_e576Q,
,Front-Side,Front-Side,0.847502291203,https://lh3.googleusercontent.com/Hsrb_lpd3LPYF1vc63-Ix52G5VdaOoZzkbRyvHFlsDMhpaJ-KSzYMfb3Gyj8G42JjeDJjIM1_4qIBhs0hMYU0DjF1ClGBiA,
,Back,Back,0.878397166729,https://lh3.googleusercontent.com/XfDnE7ZsplaOB1BIRScHzlyZKeWQ-n2Nn8v4PReLEx_NQVwZwTWxB1xlAlaTsl4G3UJrfxtixVMXmcneXkA9kXykLlB-,
,Front-Side,Front-Side,0.948464095592,https://lh3.googleusercontent.com/ZhM5yYG_RxLhwDX-B6jV9AhbFrrSv94Vjk7BeRlK_9HgYD-NLcSsd92YtjGcsmLMNxNLclMoSF_EsnFgetvB7Vfn0hk-Pg,
,Front-Side,Front-Side,0.78783249855,https://lh3.googleusercontent.com/xXK81cGKOK7OPMh4HAT9XrMN_lkuHy9sOFOe4_V6Tkkz6JSt7Q_U27oew5L7lgbqtrl5A71-VG8o72ujYP-LlhTgc7GF,
,Front-Side,Front-Side,0.916374325752,https://lh3.googleusercontent.com/DYeaJPcBAGUSY6JgxBvkoromXyuOMiBGNBvWQJNKweJaxpqqVZ7Mb-fb_isjpckAEXb0UDPf1E6IAjXsLFdf2rmXCuTXbw,
,Back,Back,0.778552472591,https://lh3.googleusercontent.com/SRs7iv7QizFBXwRfHwxu2mjpEiuVkOD0w5XMStmQnVVe30CEAszxSwEsMbL27dsxI2MwrAmg4yR9UUNoPNpUsveH2B0GAG4,
,Back,Side,0.445711046457,https://lh3.googleusercontent.com/R1VvzCxrABajD3pO_QGUXAqcAfeXDxxBtCR0_K31_kdtfxyVbQ9i3uG-D_7eJYGTz5GopGTIAT8-4awieac15A2wW22QMw,
,Side,Side,0.684246838093,https://lh3.googleusercontent.com/uRW19DU11xj7592t4Z7jbuzVHM4YPDHzTeegESN03e_tM3bTUirmKK2IZHmCyU3bHs-sNbeXr-lQakzAt-SQysY2XuEFEQ,
,Front-Side,Front-Side,0.974169075489,https://lh3.googleusercontent.com/mjdBIj-3-Is3bNUGhVqOGIgQdok1gxrL5oLugClbUTXDtePEOkyW5BIh1ProG6jVy3PUwCfORUgOpX3ZlauVjQx7cOqn0rE,
,Front-Side,Front-Side,0.922970175743,https://lh3.googleusercontent.com/lO8AQMBYisySqcmWvSKPze7PJXCMxIWAHx5PbR-4l3NNsv7-etoTxBZmLokk4RIVMGHcA8HFbUT_q3rstv7J-BJweEwG,
,Front,Front,0.935085833073,https://lh3.googleusercontent.com/sbAGCmoPMTZbgKKLXZmIi-LUUX_W3lYRjbbth3NC-10QOzUbKZRgQkURTlBXRWR7cwmpkkK8tyaeHueS9nJIrEHtTT1b,
,Front-Side,Front-Side,0.740297317505,https://lh3.googleusercontent.com/b7PynOrkk08tNaYA_kNWKH97iAecteB9uiVBclskTgXwu3voiNisczfU6OdFiXxhsnjz_NDk8yWPzxuum6GkJO7CWUAp9A,
,Front-Side,Front-Side,0.843237519264,https://lh3.googleusercontent.com/EFda45HRyC35LQ0-ifF2rP7cWQc2NqfmK62gCYv5zCWxJCyc_oLy8IKj5OWjediRAymc0JwGTNijM0TCFzhRoH6QPmyt7w,
,Front,Front,0.832502067089,https://lh3.googleusercontent.com/BB87ls81wRt9RrvNfO56z7OeFziNGtywXllNnUW90cUnadgIBFLVZlPLLHzKyQSO-HPJy4RFqOogHn7N3RInu2-6_FXBqQ,
,Front-Side,Front-Side,0.779375076294,https://lh3.googleusercontent.com/9vNaCK6zCbf47dtdcX0wILDEZh3NhJYX8RFM0LAoH8KzWh0qSpPrSpCADMXNppv7gwtQzjnvaj29QW1jyUngYwO9liCr,
,Front-Side,Front-Side,0.785330414772,https://lh3.googleusercontent.com/UWAevpDgcNDW0LSgWsVHvazyX5QVx04XJu9uF0NhFU7TWWiil4BV7WIyvzyb0p2Mh7G6AHiHkMwxys_eMIZnpAbdvPPppQ,
,Front-Side,Front-Side,0.661230027676,https://lh3.googleusercontent.com/iiuF_scJQ9MFzjD_PKKzCkPVpqHwSuK3u1feomvgYP0Gy4zMJCmrFZyFXKeSgeWtmhD5P5IKwEFsk-8ctQ2cvOB3c565LVg,
,Back,Back,0.672757565975,https://lh3.googleusercontent.com/v8a7WaOuCedOMQ95fpFTnz-FFklP2Bgjb6XBZtlqLMYnUXtcaE8AmRWoE7AK0TeWexo1zVCUkm2jPlix8mPsoJNkbX8x8Q,
,Back,Back,0.591451764107,https://lh3.googleusercontent.com/sHtxNgmK3FfwudGdvtwgLRYIXKDZHTgtCwUwZ94scArRitagFNjhHtJbNe6l87dPwcei4hdBpfCLYKwIOb7cMutNl8hzxLo,
,Front-Side,Front-Side,0.945723354816,https://lh3.googleusercontent.com/Gf2uoptcnWVr6YVzF6tAMlnOi2P6zoO2dVqRIwy7cC4w2j6c3qIY0bneRC7DSaTxTjlFrkKCE2VrTp_Bcktetz9oYE8EFis,
,Front-Side,Front-Side,0.862490653992,https://lh3.googleusercontent.com/aENzQwRss9OFjZb11dbijcUKsjRqq_X4rWv-DMYNT-mp1XqXriFQa0ZQuUjot3OyaK_VxKdX50SnVt-L5bLxRI5u1oeb9tI,
,Front-Side,Front-Side,0.944057404995,https://lh3.googleusercontent.com/maXQMGvsyg9DWKqRDtBch773ODW3PeA10P7XYLxkS_2FZs8QKg8bf1nbkH3ICMo5cL0Zc1PHL_-zGvCEJNYHVYnqHcMcahI,
,Front-Side,Front-Side,0.514015078545,https://lh3.googleusercontent.com/rV-KZJ-OX2NUzWEcetzf9RAFfDZaBNe-4GrSIpqFHf6eiGthX_b2HseDNhkd8NRlydB1lTayh6WDie206xTaQ0y4oX2TmUI,
,Front-Side,Front-Side,0.796641945839,https://lh3.googleusercontent.com/hpN9U6NTu_BpTgoy9ayn3ZkBmstpHljh-fpWNYURj_QTYNkK2ZnhxOkEjKN1hY9OnqiMYikER7uGsFyTwQTBlKc-VCozbA,
,Front-Side,Front-Side,0.881216645241,https://lh3.googleusercontent.com/vSUlDrxpDmQxOwWwoDqOuVsf84ruYIxfjTX4MnqPrtflDnc2zEND9UuS3i8qJVwVIVNYWQQQGTo2PZfmdvYVi8jy7tgxLA,
,Back,Back,0.779576301575,https://lh3.googleusercontent.com/00zMhh5u1IVheE0jtuUmfB6K0hcNuyuKQtYG2KIwxMsUHqXprNYt8D01J3O68RMVKA75oUONAdob9kikGV4GCDSslBT_qg,
,Side,Front-Side,0.473267674446,https://lh3.googleusercontent.com/bUUQdQNXXLnK33osEsHsEcqdkrMrVLVPYZm3n-jzcxdFPudXDAQvFDn3xn__mB6Gc_ZRJal76sDIP0m-fsUkO5SZqsXYJQ,
,Front-Side,Front-Side,0.883606612682,https://lh3.googleusercontent.com/HXE97T3HnAe6j1r0sevKwGB0guKDnWp3u-yq3R5ZJTTW8LWtN2xlkx9fId6mNcCS9QdRJjWbmuDNIkDtKd94XwqFp_SO,
,Back-Side,Back-Side,0.589542984962,https://lh3.googleusercontent.com/3datwSUpctSAw5Kn7sVQEYV-fYBwOT1pOd4xQ5AeU3fIj632ExW_uJBlrQIuvUJVQ9X3vNsrhCclNY5hgnnPTEWip7jR7w,
,Front,Front,0.432899922132,https://lh3.googleusercontent.com/1ggdxgWjcwThcO1lToI8TCLdIr5RssC1axGma9qmOyCmXZ9q1MCgoQ0DLvUYjA4kpZ6q-lK_Rr3ZX9yTo_qqZZ82Jj3eQw,
,Front,Front,0.870884239674,https://lh3.googleusercontent.com/0ew-Okyl5E90DYNiXLXVSQBGRzYs5lx5P5GFzUysOmDMumL-qi1IcBNNwBR7PxSSSe5Q2IAI8k89x_ZQLqtrU2UJuq6z,
,Front-Side,Front-Side,0.89323502779,https://lh3.googleusercontent.com/qJtqT0dsalC9d7hXfeKmeAeZroHig28cBGpKdgAxYcrmz7vxt-S3ZHNzce0K2alVDAOqgorQ9vyafOmUKJl-Krinl3IhqA,
,Front-Side,Front-Side,0.726653218269,https://lh3.googleusercontent.com/SHvb5CbxGHg0MstRp4LJTY2aK6eCgkphVZUh_Ime2fRaQbq4gisuCbclHSiXwRcqQMDMC8I-zOv9Mttb-j5bOL3xmliN_l4,
,Front,Front,0.818644404411,https://lh3.googleusercontent.com/ZmqhKLKwBDP6lhLM-vKC9yK2xx1hkU8oMY_6tMhBTlMn_FFF80TLU3IIAXgf7W4N5hMSyzfu1DCJu-K0nIsYHfBMPyWk-Q,
,Front,Front,0.947069466114,https://lh3.googleusercontent.com/XVloJ1Mq_hhhMGEUzAh2fxdWzGR9Vh5GqfPbuNLVSq_ruFA8mNpDJSj1TEtkw_hD3lvXJ_vAzrSDJMaJSFltKr7ABzt31Q,
,Front-Side,Front-Side,0.791381895542,https://lh3.googleusercontent.com/aYhaJ4fzf3-LUp-CPSEcghKQk8S87UnWw1mI7JTTCRUOUC-f7eyirjqzF7-l_9SVrOGPqubWnoTze4QBJp49UD42XJqSjA,
,Back-Side,Back-Side,0.377773433924,https://lh3.googleusercontent.com/AXxOEmy4n3EtmYKDMoLO3oQBowQsZSFcCiYmgYUhyZvurvwPF-RKVS6RtSo8tbLyzYyC2hcQ39hT2sLnK0g9aQxWYBPd,
,Front,Front,0.962185144424,https://lh3.googleusercontent.com/FqzY0QNsem5eWoLgZ-5oqJVg0hCHhjbHwys3IgU6ohjla5SVPItlZ6EkiqXcMjeaMxPyZJxqyCBzXmU8WkW1hEWBQf1V,
,Front-Side,Front-Side,0.751121997833,https://lh3.googleusercontent.com/KG5pnD0JM4YdJZ0q7RSFTeXhXh6SXu59dpBfn3rc67mwsu2Me4PC3RdeRAEho2p7HuAEvdmUrsNmr75xwo6DzG4NhU1nBw,
,Front-Side,Front-Side,0.864777743816,https://lh3.googleusercontent.com/HMMxJCoDEIlGrl7JzxuugOYcrNnFEF4d44Gu9_l40ENetsYjOm0Rs8VX8JxAaTyXeQmJ_a4stNvr6gzJvCe-zv5xWpn7hA,
,Side,Side,0.827322244644,https://lh3.googleusercontent.com/SiNXkNjZoJ4f7k0RVC4ArXCJ0QfJ5kROIy_F9SxHzRJrBP8E8BgRSi7OEHuRw8vSSz5uOYF1u0cmt2s6uV1TEZ6X7ycdkg,
,Side,Front-Side,0.504184663296,https://lh3.googleusercontent.com/N5vXDHZWS8_yV7N6rP2GQe_UzJM3s2wsf3V-s3LujHpQY_JtNwJoDC8jYl_AqjTsIufXb2J2RihyaLO9d4_fjlqhEWeR,
,Back-Side,Back-Side,0.550075352192,https://lh3.googleusercontent.com/xLN4uHaTdlIB21jzfu6lMGHzcF-siwaxa8YMHS7ftF8S9X4JNRLw9dE0Qny18t4mqzBPC8KNAa5c5UIDr63vYhji-_LoYw,
,Front-Side,Front-Side,0.54745900631,https://lh3.googleusercontent.com/uArHjrkUcK1nzLV_FHN5xJoQzQzVQh42SOxcyTjDEFYMHviUNVJVkeQPoenwQPLSNU-GhLVF4k9gT9ynkXiVeWC3N17jzKQ,
,Side,Side,0.705991029739,https://lh3.googleusercontent.com/ZzthWOmxWZTRPOa7oyXVY-o7h41cyYCiGRJ1E3IUUu-5s6TFCj2X6Nra2i_wGhD4TE-UZlu9i7bHQg-QHPOfq8ZcN0z5ujc,
,Side,Side,0.897202670574,https://lh3.googleusercontent.com/4rEYsxn_N-Wd5JQi_qP-Lfm7m3IbN8CQXbSbghrAWn40Ud7_AX-t2zq6D7xS-fzH0Y7zD95kAdvA4Yyv1nyvR8TgZAj5,
,Back,Back,0.491037070751,https://lh3.googleusercontent.com/1sGEBR2ndCGsAiFQ882td9XTGYAPkkG6LTeDjRV3kkfrQEOikbc8ep8DZ3rQEdcbIW-rSYpeHc-OMibUKBTPlWv0-q63H00,
,Front,Front,0.496010035276,https://lh3.googleusercontent.com/ezSoF3DmTgVOXfr1CrUitcEV_fL1LE4_BT5dh2N5R1WicdpmuAuyybehKFN9LOZ-Kqb5DQGe5eK472dSlepuJq6bO10lwg,
,Front-Side,Front-Side,0.875845551491,https://lh3.googleusercontent.com/px4mltCcMaLY6bB1waqtCzTdOoSNqGNdoU5PJG6Mojj_RXJID6gD_CZ-Nvi1CaWewocYO_mZiCqPXd_8Ux-URuMcZqh4,
,Side,Front-Side,0.43803447485,https://lh3.googleusercontent.com/tBOd8AO5E84Htp5j04Ko8qXVOrnoXT7apbVx_Hy1v4Y7LUT_BHiwlJKBTANraHsbvJMtVUIZ20wKuhr3nMJsKm-eJZfP,
,Front,Front,0.679471313953,https://lh3.googleusercontent.com/aVhlKaYG8Upbf7o89ip5gHWlLa_gmYHsI67BEjMwQ9qpdnGSB_sBPbqRzzU4N7RTAZ97tYqozGK_gOFOahEK_r3VXOax6Q,
,Side,Side,0.626426756382,https://lh3.googleusercontent.com/-9ntc9IXS8jX3bcUW-aSuaSZ3brqa-OI5h0rW_u0dlUd5NTUZtB6FnPseQ6Qk9mQdxOhDuGk2QW2ujoYN_Jj2cQXOnNO,
,Front-Side,Front-Side,0.924199640751,https://lh3.googleusercontent.com/hOo3y8UYvNLTGqUziKj6UKNptz19aRanMFFFF8behH5tkMR6Xr7RnwJ1z9ODWJvXBK4OeeEZWYvfty2MBN5BR8g830rntg,
,Front-Side,Front-Side,0.91624712944,https://lh3.googleusercontent.com/KRin7OeDEWkxqQEUkm-t3t_fttNf1jxIljMVcbjHs8OyU8jtPZjB9N3X--AXPLgRQeW0zU2ntfU24H0i5AWT0JdUFU1Qr5s,
,Front-Side,Front-Side,0.766760587692,https://lh3.googleusercontent.com/WAffKHhqQbAtfeXxBC28nznv1SBefMqeLfs7VRq1jWZLCWuvHm3E2xOsXkgy5fdy3d-_EEwYHuUUUJiCfYpkkAv0xa-BvA,
,Back,Back,0.680433988571,https://lh3.googleusercontent.com/8lHzfFSRW89ButCdJyALJ_nrPnTEs6dHRPkGveNVKAj4spKNfJ0Rd6O0elbrxsUXJ0e7TeusqfiB7j9CBOca3Fj2zpPwMA,
,Front-Side,Front-Side,0.889915525913,https://lh3.googleusercontent.com/wUr0hfvyRiQ52GkExav6-MpgkA7CI05t-__SgE4DMFGl_FR7b2wwuxW18h52-7I3pxNdVoRQe15_fy5wgToZIJW-JvER,
,Side,Front-Side,0.819103777409,https://lh3.googleusercontent.com/yUsqTqbdM2su8QYH65Fqo8NwzaXubAQCCOCVu0ueg8ZJj5Mv2bF8q5pbpB8u5tE711tDtw_-uBqVf5uXps6QyOMGhCGcgE4,
,Front-Side,Front-Side,0.870310425758,https://lh3.googleusercontent.com/XQVOHQY58IBy2Eym8W9xR7hdzwTQC69SnpJGGwgiajy2SUz1QKEnrqj9CfhjfAYEiRjM4_Wnc7_uUhXvaIoQD2xeHUXI,
,Front,Front,0.892113566399,https://lh3.googleusercontent.com/rlOjka9tXrRVc8xfZZQmUc67qrlxq21YseEPLEVSphlMohY98ojfG1heylSJFQrxLsLDvpc437mmL_MNPOhimQWhz1dP,
,Front-Side,Front-Side,0.932787656784,https://lh3.googleusercontent.com/8603iSHiz5WnLT-8_dIrXVZyahoFih-4cNDgHL-uTk7h9DghfsdEgzHYlykg32VE1LVWfSWPppT0Uo8FAE0POme4ky6p,
,Back,Back,0.802406072617,https://lh3.googleusercontent.com/AXH97-q73HemS61p06LpoNv8Kwmk6UiiPtKP0j8qVk7ZGT2FGiExWwLxvitNWCN17YCkUBU_9SndT-yr1iYUGXgKWQt7qw,
,Back-Side,Front-Side,0.55929517746,https://lh3.googleusercontent.com/iSciIjZPznI8HxCss3HoMmFhU2-Mx2W9SsvYWb7io68k6L0DW0D34GfCKMeruUEppcVWKF7Sh9dzlPI2vlIw5Oms6_yLyA,
,Back,Back,0.62367105484,https://lh3.googleusercontent.com/wJnYfs_mtSWQDjJ1hlvGy8EVyr9EzjViqxwxBjHQqH2jxYghVAd9ubSYsJgFtwydadtdizyWApgEhsjjAUhyBqBdeBoPEQ,
,Back-Side,Side,0.478621631861,https://lh3.googleusercontent.com/cVRYUTdU-QtUudJEkz79AvbrnvBM_kKirLKF119mx-Qwmsg1Or6wTYG5jdd0Ot7KIRCv710pZvfos97tfWhFAKsiUzuG,
,Front,Front,0.740315854549,https://lh3.googleusercontent.com/ioM-F7aivp3fXrwHKhk70VnD7lebxe01n_Jt0uuZblA7ZHauwbvWwcgOmEq3oQX-AoiOoMVWCFRhGxmnQYLdEw4A2BQ6,
,Front-Side,Front-Side,0.87240165472,https://lh3.googleusercontent.com/gjEq0tGLdRpdB-kn-b6YmjF5Ow9-YEHNBOvfRHu3n25BoD4xmi0IezrW0xP7UHfNi2pJCqQ9P3o82JorBkz_csSLxGW-8w,
,Front,Front,0.935279071331,https://lh3.googleusercontent.com/fnkZobng_UG4bqClGA4Ow5SZVofjPCY5Sd34e6YGriYIv0jVpArD1KjtFMxfFzJlHJYpQBGjDTbiZ95jAZjC3-mohmVePw,
,Front-Side,Front-Side,0.821964681149,https://lh3.googleusercontent.com/XQLnyUQQgNSniRuP9N9urAbm5B0ucgasgk9WPS-lasMijZwhrbePPwQxECn7uYbP8T8x6U1DwHclryYxAk3NqLhMBBqApA,
,Side,Side,0.521917641163,https://lh3.googleusercontent.com/DYrvOgUbUohbE03vQemO0sP8iU3_H63T_WUF3ckeTa1UVvn9hsWyopbl5R_bkoGtiFTncVIvQokLgphOALdVrxid-eysCp8,
,Front-Side,Front-Side,0.943474888802,https://lh3.googleusercontent.com/KFRiDEt1zl_4wAWP-8zLkZJm2zZDWcCRW4nwUQWlZ5GCVRWKxvz5A7aj_h-QjF4KmY_JeQh0vgpuIvsXMSTT6GpATtiO,
,Back,Back,0.455114066601,https://lh3.googleusercontent.com/zVJ_kO4kdfLHbcSWlClUXZRZjWiPEgH2vBor441nPKar8vfjW_BPl5949UODQXXL7qC4AHMHBmzWSoQ3phRks4JfmcoX,
,Front-Side,Front-Side,0.9660846591,https://lh3.googleusercontent.com/c2s5nVU8qtXnlypOqzirBzB75_aOggUS-VQEI1vggeH0uFncY64niy23B7uPTB_oL9f2SoEv-OH-7VYco7IilZRxhyEO,
,Front,Front,0.719324171543,https://lh3.googleusercontent.com/Aqu6NDrU5ZUqiTcx5YqHySsW-yxMw1qTJqS1AfK1BWnJEn0GuqKOQRmnFBDQ25rWcl6YiFZD0hegI9kgkB4ccMb3QKIAaw,
,Front-Side,Side,0.31029188633,https://lh3.googleusercontent.com/IE__sFUdXPCUtO9S3wg1tqH3ybcgiCqly5SGaMjt_e3Ob8VMiyfskcd334LjvMzlex8E6mGtGVIJLzLX2RRNvUtk0rfBcQ,
,Front-Side,Front-Side,0.868450760841,https://lh3.googleusercontent.com/6wRT-SrGjaBFQZaHgKppDCkDJv-jQnAh7y-ObW0Ep5RxiVapvDh6XdkxPl7WhMsOU9_kx-U_CQCFTqLcf0hert3vR4nvZQ,
,Back,Back,0.912203907967,https://lh3.googleusercontent.com/DfmHNoaBUV7focokRkigLpP9frsTQ_pgHY5d8CnnsPmiMzBvZmC6YGb7y2UbO1NI7m_6w0SX7Xsk2yKHYMD0vgJ4ZqWuxg,
,Front-Side,Front-Side,0.938938081264,https://lh3.googleusercontent.com/sOEbEhz1PLIscVNblDBd0D-6AbvhbJqLT7qUI6H8vVn2IC5Ycc3UohAm9vsoPddED0Wl206czqoalLTEKJMW7ojC2C4i7Q,
,Back,Back,0.558454275131,https://lh3.googleusercontent.com/GvXkJvP_Mq6BipCZzFzF1V0q9QjyoJeTCH6897N3iRilzd_-a66TxwxGzjiwfexb7I27o792T-i0S-VdfwbP402cbevGu80,
,Front-Side,Front-Side,0.66432839632,https://lh3.googleusercontent.com/wonQQzUWSzl7TcQQkmWGqQpHx3DhMX3SfDTckgPkFqiq0qtXdspGr0PnF2baG3QoVu_IMEN8547MF105d8Knq3tPv3ToiQ,
,Back,Front,0.482366710901,https://lh3.googleusercontent.com/7_m90a7mQ62SOf-8AmLUxEE4g4yAQ_VUsO4-r4NRdYBA4WfRMvd5q3a-f0ggbVfpPf2NDGnma1x-hkFx8CACZbkTeaOW1Po,
,Front-Side,Front-Side,0.842297196388,https://lh3.googleusercontent.com/cOkMYxwPNTHX8_SRr8CPDF7dJ2C9p7ZmbMv1ooSK5HaSrAS-YyWQSbRZbZU03Jy3wxYS5uoo2Fbsvb2zF0cqT9nhEM19xw,
,Front-Side,Front-Side,0.896861076355,https://lh3.googleusercontent.com/Vxf2vQsAbNTAjZYvCmi8iM_SWfNxBqnSC1z2fq6OJv2196F6kDMhfvVoeFqAvgbACv69MI1zrRwrH_jfw16lnlpv17pKKg,
,Front-Side,Front-Side,0.390978187323,https://lh3.googleusercontent.com/Zx40lD4BqoxcBG6w8JllFXmXfcm43zZNuTXNqdMOpHpCpa2hYzc4MSgRflGRMhG0XMlBYW7NKc1KJZk3YVoO9IkVTcvsjQ,
,Front-Side,Front-Side,0.844334363937,https://lh3.googleusercontent.com/-Lqmo_Dwkb-rBlzBotvv5pNvco3kLh1oSXPfCABdkZNPr7p5F2Us-W68K6UywteaZ6wW4j-WlVtf215ViNvGy3qmjPxaSA,
,Side,Front-Side,0.829223334789,https://lh3.googleusercontent.com/F3atxZZrWFsl1SXCdkXJj0xIMeqQC6rXFAE2Ekjzy0KVuxMi8vdbWJqy9FvEYRR7dzcjfrxIX3CFmOJWdogqjCURpBLw0Q,
,Back-Side,Front-Side,0.682401895523,https://lh3.googleusercontent.com/FyNGER3MvKiFJH0NDfXGTBcU4JONJzJRJWmP5OJ5wynVwx-sIRJO19YIA4AL1bMigHJqagRwh5KMLDZwPbGgl8JxZtryZA,
,Front,Front,0.950699031353,https://lh3.googleusercontent.com/9gEemyIPmJ3rqdb0PvYvArlDhOAOfjUTaNrZvZo4LPnGujWBiS-DoqjILPiUYkxVOASa3AL1SkF2mnjN-eEMtov26TRUbw,
,Back,Back,0.884176909924,https://lh3.googleusercontent.com/kPsYYltUoTEXsW5TSkNC6hKz0OCk3o9FV-lgF9jvQus6be4dh1WxSXT8BKREyJiMHY0QpIUIO_uAasx4xnxyfy-h-3w,
,Front,Front,0.768772721291,https://lh3.googleusercontent.com/aGDlSOgYbEnfccEHONCxVGdcPuyHLufovbuuE4oAdsx90Da4ptwWb3HWu2jAIfk63-vQwLZk3E3Uy-I34ujHUcOjNKy7lg,
,Side,Side,0.523578464985,https://lh3.googleusercontent.com/4IZY7MAxFn-GdoY9-YtGUsxWaxpOhKteGXusHkaW7kXKXGBC6OBu8QHgHLtFafaaqzn5I1GvKprZuzmIB2RKgylo2Q5Qi8M,
,Side,Side,0.64935874939,https://lh3.googleusercontent.com/zwqArSYq-1jNJ2v0PrRWgOIHyfgtEb0WIBEG_wt4PQnEckE0rD7Qrd-7z7MFVL8LhLjbahXQVPPONNM5vmaKhwvs4MsF,
,Front-Side,Front-Side,0.622200071812,https://lh3.googleusercontent.com/LPCm2KZX-dAVqsPBqJm53ForIKcdZeP9L1sR2aj4RpAhddCV0cXbPZ1NsyNl9--ijOlnqv45Z7OjZGksrqHVe8LZOr35,
,Front-Side,Front-Side,0.820001423359,https://lh3.googleusercontent.com/TRhLto5lFOa8yZjZM1YkCS8I3a26OtZ7yk1rkmXxrUbSf76iS25bK5qHtlL_2HtGsREniz07BaxqYC09xCCmc8sUldyo1js,
,Front-Side,Front-Side,0.974311769009,https://lh3.googleusercontent.com/wf2Sh2xIdGH51xTKmEa_hfdamgAJ7iq6cGuPqJkXYiL7QK0wFlgZ_SEen03vt3PLShH4I_zB1IHZJDj-FeJFzEoRNVrOsA,
,Front-Side,Front-Side,0.872859835625,https://lh3.googleusercontent.com/jCknofdC-PMyBobydWiOr6YZAGo_FeQk6vfCmO-zZ7tDo13YDlHzh-L3AKHSsjFxVrqQeQCJhfJkrBGKAQ5QBpfTTrMGojw,
,Front-Side,Front-Side,0.590477347374,https://lh3.googleusercontent.com/xqBGglIrAJc4YG30eDSONB4Rop0-oW0VWqcEEapaFLXIS2zWWMLN2azx1TcY7egF5fDXXcl9AQdg8vfpkv5h47bsMDq7,
,Front-Side,Front-Side,0.805366516113,https://lh3.googleusercontent.com/r0lq1rTpAtFf0ifbhuIFKM6jgX7WccaQfBAhvtvyonVE3nS46P5rUkeXh5-rAvKS1VwhQNAt11uX1PxKUAotd_YgXGQiwxk,
,Side,Front-Side,0.576466917992,https://lh3.googleusercontent.com/jydDS0HCEwVhAKZCNHrxd9-HiNuSO-lMwcFMC3gikZ_wq8ImNUZg7nSoBCSoHyA_S-gPEceV1KnGuUNoYsb2mgRNMWCv,
,Front-Side,Front-Side,0.7014580369,https://lh3.googleusercontent.com/zVqqOGkWtR-umMi_dEnFh1roOmAHGxF8JfC8HHvwcCwDrwJ74Gvtmd0eoh4fx5C4valCZFmOJ8OKymnDZGKYdeN_kVS3,
,Back,Back,0.48807105422,https://lh3.googleusercontent.com/Uv1gxelzW-X-_k5hsWa7F1G2fCqDakE5IK_JiYdRIv6-lmxnCTAMovw5wRyxiiJ6m0K8Cc2cWyUp3nxliWSKX95tOVOFvQ,
,Back,Back,0.542124986649,https://lh3.googleusercontent.com/zjkgXicwNc7LUttfCTRvlp_Gm4-N3snXE3dpJPqJiJ6xugu8qweeAsu8Hl81DlLbzT_QaspqGm6eniEA-Zg2wYXQ0aZI,
,Front-Side,Front-Side,0.546817541122,https://lh3.googleusercontent.com/KJzyoFCmNh2YQIkgO2aCMoTuSUOC1NzGxUkAzFYziZwb0P6NivgrWzP3i9fRuOLrrjlaZqnl-stjvWk3XqZD7fpfrxQ3Mv4,
,Front-Side,Front-Side,0.764002621174,https://lh3.googleusercontent.com/3CbRTOEntys7VgnlLX9yAxaRTmC2fgKfpyohY0KvWVjELCAKUoS-cCAXKWQX3v5k6U1gDO5F4QEgpE8_gCDNA226fujo,
,Front-Side,Side,0.715443134308,https://lh3.googleusercontent.com/2Ib1lVD6V7orT9woTszRPWQvQXVNJWK33Y3HZ3C61Uofb9QUHAdtwhFYyTM5s5K7Mcy86evMi0Imv06Pssza7um1go5coTo,
,Front-Side,Front-Side,0.972819149494,https://lh3.googleusercontent.com/VyX3-xQL1MKi96Ef86uGOpa3PmiNgqGvys8Tssj2-MtiqjOsvCVvZHh3S5iA7jqw5rURlMI258dQfhfkr_PEPnfxwuAtOgs,
,Front-Side,Front-Side,0.481649875641,https://lh3.googleusercontent.com/yxFIKxwOxz-fm50hQl9X78klBZt-MMcvOXGkMUT5rC5nXgo6SEwFX4jiWm0KYvVzrZFJ84AClPIsq-RZGkExA8TXMw8WIQo,
,Back,Back,0.475565224886,https://lh3.googleusercontent.com/7GOmdlqJhsqLbnnUvT4v9AgnbEZhXNbCX-6Epz1YzTo03LXMj4UFLkbT8SQuJDb6i0MFcz7gOtT4VFarPeZGA07Hr-lM,
,Front-Side,Front-Side,0.928665518761,https://lh3.googleusercontent.com/QurqssaDt74F4ycP09E6rZboBVkirhKVsexb4XZbzH1FzbbhVV4QlqLLIGzPWScwjjvp1FYo9NgOhuWDowO9EzPbD5Mflg,
,Front,Front,0.773241877556,https://lh3.googleusercontent.com/f0lAFQppYBtJNI37ZACx_t_ozuQYpT5E_LJT2ru7suWNTl68HjZ1t0Ze1zVOrmimZl0ZTK7OZ1_LB9AstUyBJAvvIhF8,
,Front-Side,Front,0.646718561649,https://lh3.googleusercontent.com/1kAV2XIQaICQy5P21yICp6HudPdjjAAwK_mZLDRCMXsPqWwaJ9LDv0d6dpK0s3ylMMWUq-7WNw_z7EnuhIgH1ksPmasXPg,
,Front-Side,Back-Side,0.528811752796,https://lh3.googleusercontent.com/B9CuLAF6ZwG2H77kL3oUbXJtEe_jrRf-xJruNX-MJf4EH7JzN59q2cYIB4FJG0Z9fGMXonw3I_ZYyC_-tcOZEYB9kiZiQhM,
,Front-Side,Front-Side,0.933332324028,https://lh3.googleusercontent.com/mExjyqldXgbaktghlMmP1GmhRrJRgeQx7MjK7Zy5u68nYel_JYVrqpkDHlXJsyGKTPFTnt-RkGgRYfg_SposI1uuCWgVAB4,
,Back-Side,Side,0.794411659241,https://lh3.googleusercontent.com/zdX0Ix51q_az5ZgcNpjmfm1Jf5ju9ii7VhUKqlXBgtTWSnM5g5bEMQXKcxIT59qHiHAqf9y8tLimRCDnTh-XI8rpFp3xPw,
,Front-Side,Front-Side,0.841790735722,https://lh3.googleusercontent.com/ckVsZ8esbEKD0BTxcvRUs_WSBCg-E_j4L2tMv4PEGhcv9FiPHmNtwxApPF5MDdCFrgbrvdi21sZV0bnd_03SKAk9sDoh7A,
,Front-Side,Front-Side,0.933606445789,https://lh3.googleusercontent.com/L5dVlja1SYTG60By2EFiwB8V8iPbRKAA4C_0k_81YrcWaNsnxKbXEEEpyNEfmXkltIA_76bQNEB8_NCmvb77-8EQl7Tp,
,Front-Side,Front-Side,0.785658657551,https://lh3.googleusercontent.com/rhvmYtghunPXpjmMg08WFceiSfhUGaA6iZ9xPnQRxk6RsrLaGs78kd7aO3Fq0UsiX4wcSDvl8EDbp6Tb4V3Ssaki561jGA,
,Front-Side,Front-Side,0.860903263092,https://lh3.googleusercontent.com/aSf5K5j8-7u7jDHdTEy5RYzTDklTON9M4D6sUxr5IxuHzfmC_TO3ZlkluDRlUI8dDSwXNgWNAOtfaXiGmbEQb_1jea8dUw,
,Front-Side,Front-Side,0.879358232021,https://lh3.googleusercontent.com/4E_VX6JzLbKjYiPb3--nhF4L-VVC4pUe110Kv99pkYk7M5_ehRvfPL1RxCiGdxk8YBw7fJR47n7D11NHhnoDpyrupFRc,
,Front-Side,Front-Side,0.918332576752,https://lh3.googleusercontent.com/_fM7CRuJqJcMv_NqkNtvo6KlFR_cl0RyBDamo5UjVT8RxAwZsxABBIRIHyTDn2VPW1OrxoCDbYMKpaxrTaoqPbjlUxl4,
,Front-Side,Front-Side,0.84538257122,https://lh3.googleusercontent.com/MdXdj2HwWseQ_P4rHiM0hJKt4SkDdksITLEDRXL75rzs-STUIjxlhVmudTjh75LCMFyZ41OGQkBlLbyQs8iEXfxE6mnWyw,
,Front-Side,Front-Side,0.428288161755,https://lh3.googleusercontent.com/T0UOrkUHm7A1tIGmQTaGsjggqCzq-g5R4Uaw9OjqWVIRZHDJ-p-jDT5Bw3u3R5X7XFhmESBNAskF29w4S7g-GY35Erl8,
,Front-Side,Front-Side,0.46991917491,https://lh3.googleusercontent.com/YE1FpxOV0JNJCxOXxwJDe_mkilR-SYHpJ8j9vtf6KDGYByinGg9DB2Flocn9w4m-oLNjMEf7Jx6VE2tB6WBWTsxCgzq8,
,Front-Side,Front-Side,0.891992866993,https://lh3.googleusercontent.com/sgUh2oALvC5jNYnRNmr3u7OZe0xNEeUW9oXbA2ST2ri6XBys00dCPevDQ9pLAbMeHxlp9I8a4EGbhrUjCyO_rLJdoZh3gg,
,Side,Side,0.891320228577,https://lh3.googleusercontent.com/lxd3aDR09BMMov_MY0Hpc4MgMVef0w497E82aowpG0mCjofPNSUrygXIiEcHe8Semkye-kzrTgcsUiYIieLK1xwLMmMU,
,Side,Side,0.430530250072,https://lh3.googleusercontent.com/jQ9FdKWN4vy17XM55ZNwOxM5aPqr1BKeq04bDfifyYsl9oGhE95r3J1TJmJ5l904xUlZOO9jL8vy9biUw6cE4SDKJUeBOA,
,Back-Side,Front-Side,0.719468772411,https://lh3.googleusercontent.com/K2toRLhiftPfpSuLUZvQXbIoLCeuVngFBVsPY9_zcFCcqTIp6cWFEVqdj9VOTuT3vGZJV8p_g4AC0av0jlc6_GptEpRfYA,
,Front-Side,Front-Side,0.48152205348,https://lh3.googleusercontent.com/46lgdwV9LD4xntUSkOA5Nua0gMfoZxmQudtVOArkpA-M-6WkYIzQAtSFuzb93AboUT2g9Tx5jUY8V9l990MN1mO4vlQk,
,Front-Side,Front-Side,0.836416184902,https://lh3.googleusercontent.com/NpOcxwaiqJLxUlJqkDhC3a6IgMNR3IfU00f2AZerSuuk3bUL0BqpnQmPlDjylQy3zjruI-bZj7KCaBcbdd_n_OVRR6l-Rvo,
,Side,Front-Side,0.469679266214,https://lh3.googleusercontent.com/fVRJrj-M3geE-FQ0bEkFoQJKESstfntu-VCQ24lGjB2asXbRmJ_QeM3WyeZ2Vk3fX3teKaN69u-Xx0Xt1bF2hOwq_ZTS,
,Front-Side,Front-Side,0.756034493446,https://lh3.googleusercontent.com/0_u1oOxoix7BU7-Zuy9lkaT3CbvC38ojYRW95mzwnuBP3lXIDHp_HDB7Iput8ujhi6qsgyqm_kO8vcgC3V3Qc0hszlSd,
,Side,Side,0.60134601593,https://lh3.googleusercontent.com/M92tLX6-4W7viBIG0C7HZz_TT6zfHSHq3i16cJjonJeZN4KyouN-gOAdPP1NOtyJ2Fq7_DmfUyVDC2UHJsBRG-yAaqCD,
,Side,Front-Side,0.895370662212,https://lh3.googleusercontent.com/IdGoO3jh7CY3CT-XpScGb5l8dF6dxQWy3a0gm8mg367TnMsThvIut98_pq8sEb19xHucmutbyX2cIevaBwSieqdgfJ37EA,
,Front-Side,Front-Side,0.809841692448,https://lh3.googleusercontent.com/a5QIGNWKb907frEpqy7DUVKevnYKFj5Pze4UWBWbMrXWSpJmIFCVcaHZYU3tnazBbELZ6pw4XtaZwIrAyD3iBU1BLiAl,
,Side,Side,0.576795876026,https://lh3.googleusercontent.com/ANSx58yKW81tV0idbmaOnWSYxBtxGYVF0EjaU0jV9JWzidcuaHrhlc_cp_ZvcgLhsX-kVjsX1qIkmJq02pJ2ToaX4f0j,
,Back,Back,0.574863374233,https://lh3.googleusercontent.com/X3ciGXZIKdWpA3xYfaKQKoyEVHfpAyhqMfAb5W8JNECrW41aMN75a7EhO-4uFrWQt_F15_OjNNCTwOoZlWTM-5laMo6zRA,
,Side,Side,0.648830473423,https://lh3.googleusercontent.com/vDkh0fETSiwRuAFUWwHt4GEP2Ng5lRG5xhXKXXeQ9_8RBo8gUoFkDRWA5SrIQNnICQP_dSllNASi3V97-C5Sn0IIKEedwWA,
,Front-Side,Front-Side,0.873119473457,https://lh3.googleusercontent.com/cyBl-KNElwmpnJyc1cvmYDCNYy6xWKhwWKPS_vJDuIdUbwdR0DnplXeClYHVfGp_r8O7KWmiXfNDLCKvJXlqxwiz3xIG,
,Front-Side,Front-Side,0.724688351154,https://lh3.googleusercontent.com/vREymnZiK-7MQn1pRDIkzNz2ob495wF4cIRpRVgfpY3C-5TUY4PduJ99RbYh0fIbAdcPAMSyaycCwx5T3Xf48Zgp00gK,
,Back-Side,Front-Side,0.501512467861,https://lh3.googleusercontent.com/-PxpPmP12hzAgUl6q_LyTa_1NLkrOVGIy1RQ5Si96xfI5ZyWpfkKqNTwwOBIo-sQ6xrpJyRnXs0M_Wd5pTtqI-8K3uphYcQ,
,Front,Front,0.659720718861,https://lh3.googleusercontent.com/Z2TV9a0J6NXY7wZW3IJpaN_08zf0EatBTpLfGNrGZGcgsvbsDLcMVSo2JazGm2j1myI2ECsWmpuCKBlzOoE3y1MTVPHPjg,
,Side,Side,0.423050314188,https://lh3.googleusercontent.com/bjczgxms50HTK3jD-UY4jtQ6ixCo-aAIkWhsBAHEhsbLJIi8d5yv63zrxMnRco_FeiEjIlP2JSuNATWlON5RbX6MZetgYg,
,Front-Side,Front-Side,0.891072869301,https://lh3.googleusercontent.com/5YqCll5c10qc3GN3_dvMkdFLqrvK5qisrWKrYIP6HQBhDZNd2nZgbWR8Qp7e5Cn5r7VtCNAAOZhM5dpXKrCwrXnF_TiK_GU,
,Back,Back,0.610337078571,https://lh3.googleusercontent.com/E2TQxR4bn7bzhh4WN6DK-RdC890A5Z_nbCOjwwe49SBs_QUJ0DByjdyXlBEgq6GI7KrNFQjl9ZHdDFgPaY1VcGE9rsUdaQ,
,Side,Front-Side,0.607234418392,https://lh3.googleusercontent.com/xzfmBUgfVdLVLNZb9U5GtRFvFLNKTOeWk0yS5x1aDUugNLVNd2q2gZdaztPj64aytEJWeJLVeLdkn7Q7_-rv7qVsqMeY5w,
,Front-Side,Front-Side,0.968302071095,https://lh3.googleusercontent.com/5ZUGzeJ-AQ-eeDJjzxjkoiSABpFn4rFu2oYrcGt0ZgdGr5qb1pnIv0mY3XHSwc8qL0BdLbb9nW8UitXX-eR8MAZPmNax,
,Front-Side,Front-Side,0.733575940132,https://lh3.googleusercontent.com/fLvfVrsMaB00UEhnVdd4fn3b5ky7BApfCtjW5WfUdKxsvIVkEm1SZuP6Kv397jV3GKHUNojaSkT5gwl2AOJ2oDIrBsXdGg,
,Back-Side,Back-Side,0.645750701427,https://lh3.googleusercontent.com/RmuzwbQo6EnrgtbylizmDVQDxFfXa6UTVCEfDcVPIRlXlUFhtxCWGSnQZRKJ7ntgr-wUXCmW6zlNLH3zK4PgN7XEjSFL,
,Back,Back,0.805800199509,https://lh3.googleusercontent.com/mRYI7w-WRQjqK9Llpo0kQOBi5-LDrDmn1Toqs8Z8tNMaRcoiLpUbRjFEhnPW5_PL_Y_xAmG5_0n938Ppq-K1LhIVKWMNNg,
,Side,Front-Side,0.754510819912,https://lh3.googleusercontent.com/MoRB5cRrSoK6CsfIfcSWlJ9WF2K9-_wX7A3Y-AvUTsLL1ObxQH9dWjNS4mnoHqcPEHpkyoIc-M7bKJlfRuS8oEhUVuLtZw,
,Back-Side,Back-Side,0.585656046867,https://lh3.googleusercontent.com/nCzvEoTaS0j2YVni85vu7FubyuTjuLksifkcOieixDzthpgo0yhkfxeeOKdsFdLEj-WUAJY7GGwVte-hhMYzKFtCsBgDmw,
,Back-Side,Front-Side,0.666106879711,https://lh3.googleusercontent.com/Lft1-O2vew58ktkDIitVzxKuUpMdhVBwRqIGsi7iv8_dC3Us_K5lTyA4nmSwYSS1-OJF3bD0QHc0WZt3fhNU8X4NSRQDDNU,
,Front-Side,Front-Side,0.793591201305,https://lh3.googleusercontent.com/oUZbDFweot3ux1GKseZq3i8XrCMRNilobanpbXzcJxPNCaO9UJUKSD7KYwCmnmHZphHl-QGOAnWDO9WQ2M_h4A7BxgDRFQ,
,Front-Side,Front-Side,0.936790764332,https://lh3.googleusercontent.com/U377IIEBHzE0ZW0Y-FfgLkJpVTnt4y-gfjh9f5l4Aff3YGVbCotFw6IbAsnJZNN9tg1D8JsDmTcWz30XcErdKOJpN3c4dQ,
,Back-Side,Back,0.353921204805,https://lh3.googleusercontent.com/t1RI1kXhJXdVRTI_vXzxf5NjAnezwlEayHA6C0XhlMV2cxrF3WXBoIFB0zRsJJxuu6_n1qH-IdtWExhNVp7qrX8N0hnC,
,Side,Side,0.695208251476,https://lh3.googleusercontent.com/VewTYv5Bfg3xLJ0ENy7Wfx6SfYlSQuGU6bPCNio5BztRWwF1MTzEjqD96bLBHvRs_klKTvGeQmNvowHy81HxcF6ZpyTMww,
,Front-Side,Front-Side,0.901782572269,https://lh3.googleusercontent.com/g-9V9wqiTGjvZ9FC27gfUXofvjYqPXPtPZEkft_WOAiCrQa5gfUUqO8ckp--KTOxhtNMuWAVis_2p6WSSinuKQnd21kqWg,
,Side,Side,0.573392689228,https://lh3.googleusercontent.com/fxtps8g5ID5wxzI2LY5n-Zf22YPMOH_Sm4iyU4xnO1bIiTatt1IkOPHXw2U7Mp6ycSgz5qS7tNY943PXroku8sm5CSlf2Q,
,Front-Side,Front-Side,0.366548806429,https://lh3.googleusercontent.com/vMaV4T0azqQq47VBhoiRhtYPek26nzDewZPZQjR8irkSebMSii3vZknmyCPBGE-gE1c-ao22mF0Q3q1R4_kj_MS7oIPxng,
,Front-Side,Front-Side,0.754383027554,https://lh3.googleusercontent.com/_Khmau-wlGBRT_zb4mUxTFL8Y_Yjd1sbNH-JWiTijE8W24O54gzYY4HknWXcfEkaF1HLsrlMS9ZTrgIwe1JmzqFQwK2RUQ,
,Side,Front-Side,0.839943766594,https://lh3.googleusercontent.com/j8XsVhDvs_LDJcqG3PbxDE0anKwwYpJEXxdtMJakiOaJW3SDwDUuAIsRq7E8smwt6ziNOJOKPMrQCJml4WQsxEjy363YQg,
,Back,Back,0.40495339036,https://lh3.googleusercontent.com/DghsaYOKU3DonXd9mTSju_Y8zwLERFzjvNfluVgDIitZVfej3C0alHO26tz-Q9RminXME2PVfUeRsLiNX2pLhTILhnSkWg,
,Side,Front-Side,0.799348473549,https://lh3.googleusercontent.com/AurjNGZISMNcKkIlDg1680sGJwmTqvZBaWj7c_Ka6Ak5WLZImu3JfcL47Hb5pu9N6aSG-yW0XvvjYTCBU4v3jSXq5HYz,
,Front,Front,0.86777228117,https://lh3.googleusercontent.com/1kF9LU5FlX2cNeNvUSPg4Ohn8mUcYxz1stLOjBI5OfiYbxo-MZPLiLk4cFlyBhKN_iS50LGj-SrYZOihWvSIeuxvSKpm0Q,
,Front-Side,Front-Side,0.605158090591,https://lh3.googleusercontent.com/UcS1S0B0v7mOIUrRR3d4IblTgwHKcfUuonWK571VaKcN_Csfp8yaibqLqLoPw24j9jSyj2cMZn7l7MKn05RvPOHDkoh3lQ,
,Back,Back,0.829820096493,https://lh3.googleusercontent.com/CmQXdxbTKu3EkCoPiuA9_z6rRRSJmvyIXiO0xfKnW_5XZjNvV-2zxudXXirkiRfSJhvJP8AbWUP171XUjLMuas3eEb6DuSE,
,Front-Side,Front-Side,0.788497447968,https://lh3.googleusercontent.com/fw-1ysvZ8Zvq-zB73DXysf7dpC4qayGEi5I7M43yNauBkZkZqxFs8EfP530MTjBet2KW4OhZix36KW2Tl0ARTS2qYhMfmw,
,Front-Side,Front-Side,0.81941896677,https://lh3.googleusercontent.com/G3XZjZo9MlbC1ioKlHU5ZQduMamg7ocfT7BLA7VJabaZp19cuxBBQUDraBslpM1Hcg4a0Zt1Xt4GUV75Bu_xq7k-Cg42wQ,
,Front-Side,Front-Side,0.788501858711,https://lh3.googleusercontent.com/K1tc2nSNQgMP8NbmUNsltfuuA-dvqTmqUlYWSLlyahw2Sx9nXf5w5U0NJAHRxqwYmd2-ezPa9tumq7ez-s1ORyiZ5vlEr30,
,Back,Back,0.515341579914,https://lh3.googleusercontent.com/f7WfR7eBfD4mYUisH8Du46xlkR3y7y_57hRq2gU__YE9inpP_Z0O1fF0_nLkAXssuyKQC3S5KCk-r7EpX4dNsceLkPbwpg,
,Front-Side,Front-Side,0.842448532581,https://lh3.googleusercontent.com/qd50y5pi82ifdpfm1LWd_lOuWth8hUpgjo04EBJ0gUpr8qLJTiEwEhFpNfrYicbgqIUzMtufAX-GJ6lYVngM56m5wY4BVg,
,Front-Side,Front-Side,0.520050525665,https://lh3.googleusercontent.com/RMUyiXUPyEPgf8xI6eKZJSKXbAlidR0Vf3HIZCwbUp19UikhqL3XBQ_dFciU7tlUbfVjbkfx1DsfPWT9IHHlLEbqSVO1TtA,
,Front-Side,Front-Side,0.74950003624,https://lh3.googleusercontent.com/HqKeN0Iduylp_cFKZK7zrkzkgyssJXZrrSAikek0zr2GFFwuHlViM0doDdwDG470BpopDPX9DPFN_oLpGj2WWy4pXv4Z,
,Side,Side,0.754703581333,https://lh3.googleusercontent.com/6yKKfSa6-FHpTUsSgkRaDqAAK03V80hfhLG0oA84fj41F_kdjW3f4ZFoPmHM-w5wZrPgv0TImOpLIY0VhG51kyrXRf2gFQ,
,Front-Side,Back-Side,0.380769640207,https://lh3.googleusercontent.com/IK2BvnKu83C3Abwsj9SuhVe3rU6oAheRMzFUC_8jEmDKoaoQUfgmiEaVyzwD-CvSL5TdlXeRXuipozXiNOKDEcSPY_xsEXA,
,Front-Side,Front-Side,0.681547641754,https://lh3.googleusercontent.com/YEGlwxsSVRWHklTg9GUNsZOGiGTNfd4ub-7VqDhK3VyETO8nWTs4sBEvQxi3lAqsTBLMCpEqwLkDAyGBKSZ46fBlJbqVgvk,
,Front-Side,Front-Side,0.866346359253,https://lh3.googleusercontent.com/nlLYtyAI4N7psDwBA3uK8_uushnzqnqvbNlGaVyNjaQhk_vPckN15ekePL6n27eeKZF61S2-igRazcN4Y9H5rhkshOZ4pxU,
,Side,Front-Side,0.647944569588,https://lh3.googleusercontent.com/28v9zDYqxOauZgPCgt4hWjDfrwX5wo-aW0Rk1c6DzP9i2GR0zXi_EILZ2qK2ZJI1NTcLZet-7DyNcw_dRDtzx64W87Ju,
,Back,Front,0.556478202343,https://lh3.googleusercontent.com/4pE0DGmQpcXa5NHifqMMh1BRFLNpzpIDAQlrN0Gnj7lP71WRk98rnwvMntK9221QzeMqG1OQS64WTMuGDuMYxjmLqho0NHY,
,Front-Side,Front-Side,0.693560421467,https://lh3.googleusercontent.com/kq8uu_ZBypTflLST2gkULZ1z5fa1xJaBe-DTEud837Gr8_5dypD9HEOcGbNxP8Z95dlBXf3wT8jNADP79LLaxtArWVyI,
,Front-Side,Front-Side,0.809966921806,https://lh3.googleusercontent.com/_hJWhjn44TeLV7yrKZmaCN-gIP02AeHz2KoNjPcRr79nkF5D2kmcDfA9_469YQiAaPilxtbR20m1Ai15vw6Uxe07U3Xh,
,Back-Side,Front-Side,0.374626159668,https://lh3.googleusercontent.com/6nnjr4y882zTREfn3MLXs-4N5tF5_k59PKHcrDMYKIcFZbyBYXbpiMnXBqPgLhmABKlCHvfRue1iNN9u7tAEJVPCR4-4jg,
,Front-Side,Front-Side,0.440501987934,https://lh3.googleusercontent.com/FR1-zc3KkNevrj4Xk9_UX5Ze--mXM9cSRs674rIKgXTzs8mV4UruZ0hWoNYlkQSJpTHW-uVUyjqJzJ4KkCc8cfXJDee1xhU,
,Front-Side,Front-Side,0.59341353178,https://lh3.googleusercontent.com/u1WSIpoWkMkG9b5CE1zTt74A-qgnRjUzZS8PLbdDr9KmFOQZKrvoFM8BvQnlifPMrbHhfCXTQPkmJdq0ZMC0PCrhTCwcfbs,
,Front-Side,Front-Side,0.936421632767,https://lh3.googleusercontent.com/38QmzbDN3NG6syHXKcScF6y1xaFh2trt5QBhgZx3Im87Zd0PGAvctv2-2cbB1H9uywBPISVTsnqCST20iLRV7GdcqN7JHA,
,Side,Side,0.464273035526,https://lh3.googleusercontent.com/fFblcy0kh-RpHa7BSxsKShJFU_1asUwjr7x70w1nd3IH1gunOg9-t2DLQD2JfM0CIOwzL8Um1NqEXbDJEavurPP2Hzb1kw,
,Front-Side,Front-Side,0.889493823051,https://lh3.googleusercontent.com/HEi4hUF7gkHcKvKVKGbsPzWYb5_LADBUcDhFzhrpt_01ofNpqY2cw-65ogRR7WREO92s0izs0yMpVlukNVhbEqJeziyeTw,
,Front-Side,Front-Side,0.599833011627,https://lh3.googleusercontent.com/SqIF7stSmDxS98oEU3ESDa9-9cVW1iaolsNpLOan3rkbdzAnIr9JGS8fNyiKVKvvP-2And7sLUZl7jc3_HZjauLfPG60,
,Side,Side,0.564229846001,https://lh3.googleusercontent.com/__iCOcfPq5qOvbMQDAuv9nZYQmx01zg5BAGs57upOnoelniiS8-AFk0ZF1ewnZTprL3KcrbAZOvyMDR5OLM-krRdYrCS1hM,
,Back,Back,0.668386518955,https://lh3.googleusercontent.com/ordJ4cwgfSkkWpWu_SdM9t4hTGhxk_Ze-_IoagMWWM4ODBhGqVBUKwaxumLoy3QrZ1wjsTk7qrUQuWuy6RHfpjFjEXkGgYk,
,Side,Front-Side,0.768749594688,https://lh3.googleusercontent.com/LalTB7TmL0h9sfuMOjCXJxjU7jqmA7xKs4XaZlKq18EoQUZbvwhuStw5s4JLMnN8_Z8VECLDL-3I_3dacVTqBgzcC5OwrQ,
,Side,Back-Side,0.539246797562,https://lh3.googleusercontent.com/Wle12ZoHK7JdKHMkA6RidEKAEbGdGPb2dcsoP-lWV7P65RlVKNJFk7zK8np9J0Mg680qSrpmgejEpOJ8dsSnhy2E9JIebeo,
,Front,Front,0.898340344429,https://lh3.googleusercontent.com/udBf8hOpXEokVzXA8d9YZTlauDkWTof-XddM9QQ_ZqHpHwrSPFPl4v4m4PliSIzQnA2YiLgVBMDa4hdnO15iBMZYGqKy,
,Back-Side,Front-Side,0.638092458248,https://lh3.googleusercontent.com/B9dusxU0gmKQF1rNE7xBjqHGqfMY8OKTc3dnyf5B5Q6wbRqC55eIQz_tJiYkCBrpBpGgQPlNQGF1-uZ90a5_6e8HiWiL,
,Back,Back,0.65931981802,https://lh3.googleusercontent.com/7AEF_1Nc_ZwjlrjvPRpAEACpKiMO5S9dqQ1kNS9wK6tPGJCm8Ihdgub9kA4pdGe4x5qQLZcHlQ5ISkTHoEp3oEqNLPtQ,
,Front,Front,0.907070219517,https://lh3.googleusercontent.com/80B0wyKokbvpnn2aObLlGACQw8igEq0onZfRex0K853kg3_5G5WcC0Gsww3oCfK5SMqMhE5iaG251hp3d6Jo5-ZrSsolfw,
,Front,Front,0.888769209385,https://lh3.googleusercontent.com/N0Mu20cZ_j-3xToMUWe7MVIonQjbQhwgA5rIRsb8K_r4IvRHzlpfBPSrSolcrhGw--UQj1xQSSuQwJ2pCB6886QLEGRVzJM,
,Front-Side,Front-Side,0.921991288662,https://lh3.googleusercontent.com/NFMJW5AwR7RMwTTD-aWSVzk9zL3Ve1ZNcUkF8FY4q1_-V_ZQIDFul_7aTeONVRoWT3gW_7TtmwqgQARlNjYm2G258ptB,
,Front-Side,Front-Side,0.81936365366,https://lh3.googleusercontent.com/tGMUbkeEved5pbRITQ9TW8_jlGyBkc94efydoWXiS2pFHaJgbwbX5_xVubNYux9oHbUYZnF2qgQoqOdp_iZFXK7OJuLf,
,Front,Front-Side,0.522476136684,https://lh3.googleusercontent.com/k45pdaRyHpbRmF8tV33chWQlYrnfXXOmmS7L2dh872hvyitSCmvQNT-mJ9R4q58XBzTSxHUvaGDiNWCw6YX7DDciIqyfWiY,
,Back,Back,0.53916156292,https://lh3.googleusercontent.com/5she0DYKhQjpvvd34Ser2KeKdcDeagzGaGLU8eOsLYNre797WvDcq7Dx5yDlIy9YYtXXve4dL43TDL1vk17F_n-XlU5l0Q,
,Front,Front,0.777141034603,https://lh3.googleusercontent.com/5BPKyF-crYbp-u1w_KKNUpzhVMLDdgaqdz3-ddQrnfptOX46qI-mUDx46LV_x2obySxQsvf8JGO9DVCm2EMMJbXeFqphvA,
,Front,Front,0.708454310894,https://lh3.googleusercontent.com/RJNYyuHnF3kZFJt4h3GIXjiW9u7hyhJbo55tNohE0jZNEGWSG-s4Duier7bDcZnetVnWCvCKDmkHaj67D5yxUhKY-GNZ5Q,
,Back-Side,Back-Side,0.48646363616,https://lh3.googleusercontent.com/uwmg9jBp-SI1Nj_mwbpXVTSfv_NPIV87C6fzKJ-IB_RxbWBNZkmC9HbLVGgzdWWP68Zs0qm_1al6zF3QPWe8iTUWdxoG,
,Front-Side,Front-Side,0.867138743401,https://lh3.googleusercontent.com/LBtyXaadYhUiNPVMxUBL3ZVe6t6TKia32uLJpdh0jTapziTUKr_EzLlr4os5ot9UyeuRcxhP6-mJY87icnubEa8NjvEr,
,Front-Side,Back-Side,0.510724484921,https://lh3.googleusercontent.com/CMTcThSQWwlGZ-YNZ3SQpDbfWiJ-b_Al_FQNwte5bwUWiK3fiIFp7u8zF3Nluxo8xIzb0dJbEot_aTkw1hI6wvxSkwfzPQ,
,Front-Side,Back-Side,0.40847620368,https://lh3.googleusercontent.com/Erjiey-0h9N83-ITcMWPxsWaiSTwwz7fagu1jzQv9lFkk3vOo_Z08tjOZyDr3jw6IDPtHcU9OxR_Tg7XN1JENBdxoKJT,
,Front-Side,Front-Side,0.449505746365,https://lh3.googleusercontent.com/b8unXYTM1Cos4TAwu1bVTMq3A_rbJqdA6h8FQGFfJUcoLiKoMtwamOIlFp_awFhXuoL47hqCy0CS41igRP85TKsQcomEzgA,
,Front-Side,Front-Side,0.992542862892,https://lh3.googleusercontent.com/KZYcqwWhu_yFEmpuzf-G2TKDqrmvLTt1d3S_3k9IQ35a6rejcZvQvpeO5ZPHMnUKU9Qy5gfzDoev7FgRJMTmyRh8yueI5w,
,Front-Side,Front-Side,0.504162669182,https://lh3.googleusercontent.com/Y5T6ZvgGFFNtojvrpV5_zfKlaCey6KsFe17H9SRoHvQ3cvNLpd8DQyaurMBQliUWEhTKKXFbN7MrMHLg4V4EJDQ6balJ7A,
,Side,Side,0.520370543003,https://lh3.googleusercontent.com/ZSZN8yvTXYpW6U6MhV0Pv0MpNknwX_WXVpu78lv5fCB6QU-xJI_AlbPbWAig9v8lvCc3GxHKdS3FEWXQa-a_MiEvtdSA5w,
